,tags
0,"['casual', 'shorts', 'print', 'shirt']"
1,"['casual', 'dress', 'sexy', 'party']"
2,"['beach', 'sport']"
3,"['sleeveless', 'shorts', 'shirt', 'v-neck', 'cotton']"
4,"['casual', 'plus size', 'shorts', 'loose', 'pants', 'lace']"
5,"['casual', 'plus size', 'jumpsuit']"
6,"['plus size', 'sleeveless', 'shirt', 'v-neck', 'blouse', 'lace']"
7,"['dress', 'shirt']"
8,"['casual', 'sleeveless', 'dress', 'shorts', 'slim']"
9,"['casual', 'plus size', 'sleeveless', 'shorts', 'print', 'shirt', 'v-neck', 'loose', 'blouse']"
10,"['casual', 'plus size', 'dress']"
11,"['casual', 'plus size', 'sleeveless', 'shorts', 'sexy', 'shirt', 'v-neck', 'blouse']"
12,"['shorts', 'loose', 'pants']"
13,"['casual', 'plus size', 'beach', 'shirt', 'v-neck', 'tank top', 'blouse', 'vest']"
14,"['casual', 'dress', 'v-neck', 'loose']"
15,"['plus size', 'sleeveless', 'shirt']"
16,"['casual', 'dress', 'v-neck', 'party']"
17,"['plus size', 'sexy', 'blouse', 'lace']"
18,"['casual', 'dress', 'sexy', 'tank top', 'ladies']"
19,"['casual', 'plus size', 'v-neck', 'tank top', 'blouse', 'vest', 'slim']"
20,"['sexy', 'sport', 'bikini']"
21,"['sexy', 'shirt', 'tank top', 'cotton', 'vest', 'lace', 'slim']"
22,"['casual', 'plus size', 'sexy', 'beach', 'v-neck', 'tank top', 'cotton', 'vest']"
23,"['casual', 'plus size', 'sleeveless', 'shorts', 'shirt', 'cotton', 'blouse', 'slim']"
24,"['dress', 'sexy', 'shirt', 'v-neck', 'tank top', 'ladies', 'vest']"
25,"['casual', 'tank top', 'vest']"
26,"['lace', 'sport', 'bikini']"
27,"['casual', 'sexy', 'print', 'shirt', 'tank top', 'cotton', 'vest', 'slim']"
28,"['v-neck', 'tank top', 'vest', 'lace', 'slim']"
29,"['casual', 'plus size', 'shorts', 'cotton']"
30,"['plus size', 'sleeveless', 'dress', 'shorts', 'print', 'party']"
31,"['shirt', 'tank top', 'vest']"
32,"['casual', 'dress', 'beach', 'print', 'ladies', 'slim']"
33,"['casual', 'shirt', 'vest']"
34,"['casual', 'plus size', 'tank top', 'loose', 'vest', 'lace']"
35,"['plus size', 'sleeveless', 'shorts', 'sexy', 'print', 'blouse']"
36,"['casual', 'plus size', 'v-neck', 'vest']"
37,"['shorts', 'sexy', 'ladies', 'pants']"
38,"['print', 'shirt', 'v-neck', 'cotton', 'loose']"
39,"['casual', 'plus size', 'dress', 'print', 'lace', 'slim', 'waist']"
40,"['casual', 'dress', 'beach', 'shirt', 'blouse']"
41,"['dress', 'sexy', 'print']"
42,"['casual', 'shorts', 'cotton', 'pants']"
43,"['casual', 'sleeveless', 'shorts', 'shirt', 'v-neck', 'cotton']"
44,['ladies']
45,"['casual', 'sexy', 'tank top', 'ladies', 'vest', 'sport']"
46,"['casual', 'sleeveless', 'shorts', 'sport']"
47,"['dress', 'shorts', 'beach', 'jumpsuit']"
48,"['casual', 'plus size', 'sleeveless', 'dress', 'print', 'v-neck', 'loose', 'lace']"
49,"['plus size', 'shirt']"
50,"['casual', 'plus size', 'shirt', 'v-neck', 'tank top', 'loose', 'vest']"
51,"['beach', 'sport', 'bikini']"
52,"['plus size', 'print', 'shirt', 'tank top', 'cotton', 'vest', 'slim']"
53,"['casual', 'plus size', 'dress', 'v-neck', 'loose']"
54,"['casual', 'plus size', 'dress', 'shorts', 'print', 'party']"
55,"['dress', 'sexy', 'beach', 'v-neck', 'lace']"
56,"['casual', 'dress', 'beach', 'v-neck', 'loose']"
57,"['plus size', 'sexy', 'v-neck', 'tank top']"
58,"['casual', 'dress', 'print', 'v-neck']"
59,"['casual', 'plus size', 'dress', 'v-neck']"
60,"['casual', 'shorts', 'pants', 'slim', 'sport']"
61,"['casual', 'pants']"
62,"['casual', 'plus size', 'shorts', 'loose', 'pants', 'lace']"
63,"['dress', 'cotton', 'ladies']"
64,"['casual', 'shorts', 'sexy', 'beach', 'print', 'ladies', 'jumpsuit']"
65,"['casual', 'plus size', 'sleeveless', 'dress', 'shorts', 'cotton', 'ladies']"
66,"['plus size', 'shirt', 'cotton']"
67,"['casual', 'dress', 'beach', 'v-neck', 'loose']"
68,"['casual', 'plus size', 'tank top', 'loose', 'lace']"
69,"['casual', 'plus size', 'sleeveless', 'dress', 'shorts', 'beach', 'v-neck', 'ladies', 'blouse', 'party', 'sport']"
70,"['casual', 'plus size', 'shirt', 'v-neck', 'tank top']"
71,"['casual', 'dress', 'print', 'v-neck', 'slim']"
72,"['tank top', 'ladies']"
73,"['casual', 'plus size', 'pants']"
74,"['casual', 'sexy', 'v-neck', 'tank top', 'vest', 'lace']"
75,"['casual', 'plus size', 'shirt', 'v-neck', 'blouse']"
76,"['casual', 'shorts', 'jumpsuit']"
77,"['casual', 'dress', 'shorts', 'print', 'pants', 'waist']"
78,"['plus size', 'sleeveless', 'shorts', 'print', 'shirt', 'v-neck', 'cotton', 'slim']"
79,"['beach', 'sport', 'bikini']"
80,"['casual', 'plus size', 'dress', 'cotton']"
81,"['casual', 'plus size', 'dress', 'sexy', 'shirt', 'tank top', 'cotton', 'blouse', 'vest', 'lace']"
82,"['casual', 'plus size', 'dress', 'beach', 'print', 'v-neck', 'ladies', 'slim', 'party']"
83,"['plus size', 'dress', 'shorts', 'sexy', 'v-neck', 'slim']"
84,"['casual', 'plus size', 'sexy', 'print', 'tank top', 'cotton', 'loose', 'blouse', 'lace']"
85,"['casual', 'print', 'shirt', 'v-neck', 'loose', 'blouse', 'lace']"
86,"['casual', 'plus size', 'dress', 'print', 'v-neck']"
87,"['beach', 'sport', 'bikini']"
88,"['casual', 'sleeveless', 'shorts', 'shirt', 'v-neck']"
89,"['dress', 'print', 'v-neck', 'party']"
90,"['plus size', 'dress', 'shorts', 'slim', 'waist']"
91,"['casual', 'plus size', 'pants']"
92,"['casual', 'dress', 'tank top', 'slim']"
93,"['casual', 'plus size', 'sleeveless', 'dress', 'shorts', 'sexy', 'beach', 'shirt', 'tank top', 'cotton', 'ladies', 'party']"
94,"['casual', 'plus size', 'sleeveless', 'shorts', 'shirt', 'v-neck', 'ladies', 'loose', 'blouse']"
95,"['casual', 'pants']"
96,"['shorts', 'print', 'pants', 'sport']"
97,"['casual', 'plus size', 'print', 'v-neck', 'loose', 'vest']"
98,"['casual', 'plus size', 'beach', 'shirt', 'v-neck', 'tank top', 'blouse', 'vest']"
99,"['shorts', 'cotton', 'pants', 'waist']"
100,"['casual', 'tank top', 'ladies', 'pants', 'jumpsuit']"
101,"['casual', 'plus size', 'sleeveless', 'shorts', 'sexy', 'print', 'shirt', 'cotton', 'blouse', 'lace', 'slim']"
102,"['casual', 'sleeveless', 'shorts', 'shirt']"
103,"['casual', 'sexy', 'shirt', 'v-neck', 'cotton', 'slim']"
104,"['shorts', 'beach', 'sport']"
105,"['casual', 'dress', 'sexy', 'beach', 'print', 'party']"
106,"['casual', 'shorts', 'pants', 'slim', 'sport']"
107,"['beach', 'sport', 'bikini']"
108,"['casual', 'plus size', 'dress', 'print', 'ladies']"
109,"['casual', 'sleeveless', 'dress', 'shorts', 'v-neck', 'loose']"
110,"['casual', 'shorts', 'sexy', 'v-neck', 'cotton', 'slim', 'sport']"
111,"['dress', 'sexy', 'v-neck', 'ladies', 'party']"
112,"['casual', 'sleeveless', 'shorts', 'print', 'shirt', 'v-neck', 'ladies']"
113,"['shorts', 'sexy', 'lace']"
114,"['casual', 'plus size', 'sleeveless', 'shirt', 'blouse']"
115,"['casual', 'shorts', 'shirt', 'cotton', 'sport']"
116,[]
117,"['shorts', 'beach', 'pants', 'slim', 'sport']"
118,"['shorts', 'sexy', 'loose', 'pants']"
119,"['casual', 'v-neck', 'tank top', 'cotton', 'blouse', 'vest']"
120,"['casual', 'sleeveless', 'shorts', 'shirt', 'jumpsuit']"
121,"['casual', 'plus size', 'v-neck', 'tank top', 'cotton', 'vest']"
122,"['casual', 'dress', 'v-neck', 'tank top', 'vest']"
123,"['casual', 'plus size', 'sleeveless', 'dress', 'shorts', 'print', 'shirt']"
124,"['casual', 'pants', 'waist', 'sport']"
125,"['casual', 'shorts', 'sport']"
126,"['casual', 'plus size', 'dress', 'beach', 'shirt', 'v-neck', 'party']"
127,"['casual', 'plus size', 'shirt', 'tank top', 'cotton', 'blouse', 'vest']"
128,"['sleeveless', 'shorts']"
129,"['casual', 'plus size', 'sleeveless', 'dress', 'shorts', 'print', 'ladies']"
130,"['casual', 'plus size', 'sleeveless', 'shorts', 'shirt', 'v-neck', 'cotton', 'ladies', 'blouse']"
131,"['casual', 'plus size', 'print', 'tank top']"
132,"['casual', 'print', 'shirt', 'tank top']"
133,"['vest', 'waist']"
134,"['plus size', 'dress', 'print', 'cotton']"
135,"['casual', 'dress', 'v-neck', 'loose']"
136,"['casual', 'beach']"
137,['sport']
138,[]
139,[]
140,"['casual', 'shorts', 'sexy', 'beach', 'print', 'ladies', 'jumpsuit']"
141,"['sleeveless', 'sexy', 'shirt', 'v-neck']"
142,"['casual', 'plus size', 'shorts', 'pants', 'slim']"
143,"['sexy', 'beach', 'print', 'vest']"
144,"['casual', 'dress', 'party']"
145,"['casual', 'plus size', 'sleeveless', 'dress', 'shorts', 'v-neck', 'party']"
146,"['plus size', 'shorts', 'lace']"
147,"['casual', 'plus size', 'shorts', 'lace']"
148,"['casual', 'plus size', 'shirt', 'tank top', 'cotton', 'blouse']"
149,"['sport', 'bikini']"
150,"['casual', 'tank top', 'ladies']"
151,"['casual', 'sleeveless', 'shorts', 'shirt', 'blouse', 'lace']"
152,"['casual', 'plus size', 'dress', 'sexy', 'v-neck', 'tank top', 'blouse', 'vest']"
153,"['casual', 'dress', 'beach', 'v-neck', 'loose']"
154,"['dress', 'beach', 'v-neck', 'ladies', 'lace']"
155,"['plus size', 'shorts', 'sexy', 'shirt', 'slim']"
156,"['casual', 'plus size', 'loose', 'pants', 'jumpsuit']"
157,"['casual', 'plus size', 'dress', 'v-neck', 'loose']"
158,"['casual', 'print', 'shirt', 'tank top', 'cotton', 'blouse', 'vest']"
159,"['plus size', 'shorts', 'print', 'shirt', 'v-neck']"
160,"['plus size', 'sleeveless', 'dress', 'shorts', 'sexy', 'v-neck']"
161,"['casual', 'plus size', 'shorts', 'cotton', 'pants', 'sport']"
162,"['casual', 'sleeveless', 'shorts', 'sport']"
163,"['casual', 'dress', 'sexy', 'party']"
164,"['casual', 'shorts', 'beach', 'cotton', 'loose', 'pants', 'lace', 'waist']"
165,[]
166,"['tank top', 'cotton', 'vest']"
167,"['casual', 'shorts', 'print', 'cotton', 'pants', 'sport']"
168,"['casual', 'shorts', 'v-neck', 'ladies', 'lace', 'slim', 'jumpsuit']"
169,"['casual', 'plus size', 'dress', 'beach', 'v-neck', 'loose']"
170,"['casual', 'plus size', 'sleeveless', 'shorts', 'shirt', 'v-neck', 'blouse']"
171,"['shorts', 'sport']"
172,"['casual', 'sleeveless', 'shorts', 'print', 'shirt']"
173,"['shorts', 'sexy', 'pants', 'waist']"
174,"['casual', 'plus size', 'dress', 'beach', 'shirt', 'v-neck', 'ladies', 'slim', 'party']"
175,"['plus size', 'sport', 'bikini']"
176,"['casual', 'beach', 'print', 'tank top', 'cotton', 'vest', 'slim']"
177,"['shorts', 'beach', 'pants', 'sport']"
178,"['casual', 'plus size', 'dress', 'beach', 'print', 'v-neck', 'ladies', 'vest', 'party']"
179,"['vest', 'waist']"
180,"['casual', 'plus size', 'shorts', 'pants', 'lace', 'slim', 'waist']"
181,"['casual', 'shorts', 'sport']"
182,"['casual', 'waist', 'sport', 'bikini']"
183,"['casual', 'sleeveless', 'shorts', 'beach', 'shirt']"
184,"['dress', 'sexy']"
185,"['sexy', 'bikini']"
186,"['casual', 'plus size', 'sexy', 'shirt', 'v-neck', 'tank top', 'cotton', 'vest', 'slim']"
187,"['casual', 'plus size', 'sleeveless', 'dress', 'shorts', 'print', 'v-neck']"
188,"['casual', 'plus size', 'print', 'shirt', 'v-neck', 'tank top', 'cotton', 'vest', 'sport']"
189,[]
190,"['plus size', 'dress', 'sexy', 'beach', 'print']"
191,"['casual', 'beach', 'sport']"
192,"['casual', 'plus size', 'sleeveless', 'dress', 'shorts', 'v-neck', 'party']"
193,"['dress', 'sexy', 'beach', 'bikini']"
194,"['plus size', 'dress', 'sexy', 'slim', 'party']"
195,"['shirt', 'tank top']"
196,"['dress', 'lace', 'party']"
197,"['casual', 'plus size', 'shirt', 'vest']"
198,"['dress', 'print']"
199,"['dress', 'v-neck', 'lace']"
200,"['casual', 'plus size', 'print', 'shirt', 'v-neck', 'tank top', 'ladies', 'blouse', 'vest']"
201,"['plus size', 'print', 'shirt', 'tank top', 'cotton']"
202,"['casual', 'plus size', 'sleeveless', 'dress', 'shorts', 'beach', 'v-neck', 'ladies', 'blouse', 'party']"
203,"['casual', 'plus size', 'loose', 'pants', 'jumpsuit']"
204,"['plus size', 'ladies', 'jumpsuit']"
205,"['casual', 'plus size', 'dress', 'beach', 'party']"
206,"['sexy', 'sport', 'bikini']"
207,"['casual', 'dress', 'sexy', 'party']"
208,"['casual', 'shorts', 'slim']"
209,"['dress', 'sexy', 'beach', 'party']"
210,"['casual', 'plus size', 'dress', 'print', 'v-neck', 'ladies', 'vest', 'party']"
211,"['shorts', 'beach', 'sport']"
212,"['casual', 'plus size', 'sleeveless', 'dress', 'shorts', 'beach', 'print', 'v-neck', 'loose']"
213,"['sleeveless', 'dress', 'shorts', 'beach', 'ladies']"
214,"['casual', 'sleeveless', 'dress', 'lace', 'slim', 'party']"
215,['beach']
216,"['sexy', 'beach', 'sport', 'bikini']"
217,"['casual', 'plus size', 'shirt', 'v-neck', 'tank top', 'blouse']"
218,"['sleeveless', 'shorts', 'shirt']"
219,"['dress', 'beach', 'party']"
220,['casual']
221,"['plus size', 'sleeveless', 'shorts', 'print', 'shirt', 'v-neck', 'cotton']"
222,"['casual', 'cotton', 'loose', 'jumpsuit']"
223,"['casual', 'shirt', 'tank top', 'ladies', 'blouse', 'vest']"
224,"['casual', 'sleeveless', 'shorts', 'sexy', 'shirt', 'v-neck', 'tank top', 'slim']"
225,"['sexy', 'beach', 'print', 'vest']"
226,"['casual', 'dress', 'print', 'v-neck']"
227,"['sleeveless', 'shorts', 'shirt', 'v-neck', 'cotton']"
228,"['sleeveless', 'shorts', 'shirt']"
229,"['dress', 'party']"
230,"['plus size', 'shorts', 'sport']"
231,"['casual', 'plus size', 'print', 'shirt', 'v-neck', 'blouse']"
232,"['casual', 'sleeveless', 'shorts', 'print', 'shirt', 'v-neck']"
233,"['plus size', 'sleeveless', 'dress', 'print']"
234,"['casual', 'shorts', 'shirt', 'v-neck', 'tank top', 'vest', 'slim']"
235,"['casual', 'plus size', 'print', 'v-neck', 'tank top', 'loose', 'vest']"
236,"['casual', 'sleeveless', 'shorts', 'print', 'shirt', 'tank top']"
237,"['casual', 'plus size', 'dress', 'beach', 'print', 'v-neck', 'ladies', 'party']"
238,"['casual', 'dress', 'shirt', 'tank top', 'cotton', 'ladies']"
239,"['plus size', 'v-neck', 'tank top', 'vest', 'lace']"
240,"['plus size', 'dress', 'shorts', 'slim', 'waist']"
241,"['sexy', 'shirt', 'blouse', 'lace', 'slim']"
242,"['casual', 'plus size', 'print', 'v-neck', 'tank top', 'blouse', 'lace']"
243,"['sleeveless', 'dress', 'shorts', 'slim']"
244,"['shorts', 'slim']"
245,"['casual', 'plus size', 'pants']"
246,"['casual', 'dress', 'shirt', 'v-neck', 'party']"
247,"['print', 'tank top', 'vest']"
248,"['sleeveless', 'dress', 'shorts', 'v-neck', 'loose']"
249,"['casual', 'plus size', 'dress', 'print', 'v-neck', 'slim']"
250,"['plus size', 'shorts', 'sport']"
251,"['plus size', 'sexy', 'shirt', 'blouse']"
252,"['casual', 'sleeveless', 'shorts', 'shirt', 'sport']"
253,"['dress', 'sexy']"
254,"['casual', 'dress', 'v-neck', 'loose']"
255,"['dress', 'print', 'party']"
256,"['casual', 'sexy', 'tank top', 'slim']"
257,"['casual', 'plus size', 'shirt', 'v-neck', 'tank top', 'ladies', 'loose', 'blouse']"
258,"['casual', 'tank top', 'cotton', 'slim']"
259,"['casual', 'sleeveless', 'shorts', 'shirt', 'v-neck', 'sport']"
260,"['casual', 'dress', 'sexy', 'shirt', 'tank top', 'vest']"
261,"['casual', 'shorts', 'pants']"
262,"['plus size', 'sleeveless', 'dress', 'shorts', 'ladies']"
263,"['casual', 'plus size', 'dress', 'sexy', 'v-neck', 'slim', 'party']"
264,"['sport', 'bikini']"
265,"['casual', 'dress', 'sexy', 'print', 'lace', 'slim', 'waist']"
266,"['casual', 'plus size', 'shorts', 'pants', 'lace', 'slim', 'waist']"
267,"['plus size', 'shorts', 'sexy', 'shirt', 'slim']"
268,"['casual', 'shorts', 'sexy', 'ladies', 'slim', 'waist', 'jumpsuit']"
269,"['casual', 'shirt', 'v-neck', 'blouse']"
270,"['sexy', 'beach', 'slim', 'jumpsuit']"
271,"['casual', 'plus size', 'sexy', 'print', 'v-neck', 'tank top', 'lace']"
272,"['dress', 'shorts', 'print', 'v-neck', 'blouse', 'jumpsuit']"
273,"['casual', 'shorts', 'pants', 'slim', 'sport']"
274,"['casual', 'shorts', 'sexy', 'ladies', 'slim', 'waist', 'jumpsuit']"
275,"['sleeveless', 'dress', 'shorts', 'print', 'v-neck', 'waist']"
276,"['casual', 'sexy', 'beach', 'print', 'slim', 'sport', 'bikini']"
277,"['plus size', 'dress', 'slim']"
278,"['casual', 'plus size', 'sexy', 'print', 'shirt', 'loose', 'party']"
279,"['sleeveless', 'dress', 'sexy', 'shirt', 'blouse', 'lace']"
280,"['casual', 'plus size', 'dress', 'sexy', 'loose', 'vest']"
281,"['casual', 'shirt', 'pants']"
282,"['beach', 'print', 'tank top']"
283,"['plus size', 'sexy', 'print', 'shirt', 'tank top', 'cotton', 'ladies', 'vest', 'slim']"
284,['dress']
285,[]
286,"['cotton', 'sport']"
287,"['casual', 'plus size', 'shirt', 'v-neck', 'tank top', 'blouse']"
288,"['sexy', 'shirt', 'tank top', 'blouse', 'vest', 'sport']"
289,"['casual', 'plus size', 'print', 'shirt', 'tank top', 'ladies', 'blouse', 'vest', 'sport']"
290,"['plus size', 'dress', 'sexy', 'print', 'party']"
291,"['casual', 'plus size', 'dress', 'beach', 'ladies', 'women dress']"
292,"['dress', 'sexy']"
293,"['casual', 'shirt']"
294,"['casual', 'plus size', 'print', 'shirt', 'tank top', 'cotton', 'ladies', 'blouse', 'vest']"
295,"['tank top', 'cotton', 'vest', 'lace', 'slim']"
296,"['plus size', 'shorts', 'sexy', 'shirt', 'slim']"
297,"['casual', 'plus size', 'print', 'tank top']"
298,"['casual', 'plus size', 'dress', 'print', 'shirt', 'sport']"
299,"['dress', 'ladies', 'lace']"
300,"['print', 'waist', 'sport', 'bikini']"
301,"['dress', 'beach', 'party']"
302,"['plus size', 'dress', 'print', 'v-neck', 'party']"
303,"['sport', 'bikini']"
304,"['casual', 'plus size', 'shirt', 'v-neck', 'tank top', 'blouse', 'vest']"
305,"['casual', 'plus size', 'sexy', 'v-neck', 'tank top', 'slim']"
306,"['casual', 'plus size', 'dress', 'v-neck', 'cotton', 'loose']"
307,"['casual', 'shirt', 'v-neck', 'tank top', 'cotton', 'vest', 'slim']"
308,"['casual', 'plus size', 'sleeveless', 'shirt', 'loose', 'blouse']"
309,"['casual', 'plus size', 'sleeveless', 'dress', 'shorts', 'print', 'ladies']"
310,"['casual', 'print', 'shirt', 'slim']"
311,"['plus size', 'dress', 'sexy', 'print', 'party']"
312,"['dress', 'sexy', 'beach', 'v-neck']"
313,"['casual', 'sleeveless', 'shorts', 'print', 'shirt', 'cotton', 'blouse']"
314,"['casual', 'dress', 'beach', 'v-neck', 'loose']"
315,"['dress', 'sexy', 'lace', 'waist', 'party']"
316,"['casual', 'plus size', 'sleeveless', 'dress', 'shorts', 'beach', 'print', 'v-neck', 'loose']"
317,"['casual', 'plus size', 'sleeveless', 'dress', 'shorts', 'print', 'v-neck']"
318,"['beach', 'waist', 'sport', 'bikini']"
319,"['casual', 'sleeveless', 'dress', 'shorts', 'beach', 'shirt', 'party']"
320,"['casual', 'dress', 'shorts', 'print', 'pants', 'waist']"
321,"['casual', 'plus size', 'dress', 'print', 'tank top']"
322,"['shirt', 'vest', 'slim']"
323,['casual']
324,"['plus size', 'v-neck']"
325,"['sexy', 'beach', 'sport', 'bikini']"
326,[]
327,"['v-neck', 'pants', 'jumpsuit']"
328,"['casual', 'sleeveless', 'shorts', 'shirt', 'v-neck', 'cotton']"
329,"['casual', 'sexy', 'v-neck', 'tank top', 'loose']"
330,"['casual', 'sleeveless', 'dress', 'shorts', 'beach', 'v-neck', 'party']"
331,"['casual', 'dress', 'print', 'jumpsuit']"
332,"['casual', 'plus size', 'dress', 'beach', 'v-neck', 'loose']"
333,"['casual', 'plus size', 'sexy', 'shirt', 'tank top', 'blouse']"
334,"['casual', 'dress', 'shorts', 'beach', 'print', 'v-neck', 'cotton', 'lace']"
335,"['casual', 'sexy', 'sport', 'bikini']"
336,"['casual', 'dress', 'beach', 'print', 'v-neck']"
337,"['sleeveless', 'shorts', 'shirt', 'v-neck', 'blouse']"
338,['beach']
339,"['shorts', 'sexy', 'beach', 'print', 'waist', 'sport', 'bikini']"
340,"['sexy', 'shirt', 'tank top', 'blouse', 'vest', 'lace']"
341,"['casual', 'tank top', 'ladies', 'pants', 'jumpsuit']"
342,"['casual', 'plus size', 'dress', 'sexy', 'beach', 'v-neck', 'ladies', 'vest', 'party']"
343,"['plus size', 'dress', 'shorts', 'slim', 'waist']"
344,"['casual', 'plus size', 'shirt', 'v-neck', 'tank top', 'lace']"
345,"['casual', 'sexy', 'print', 'cotton', 'ladies', 'vest', 'sport']"
346,"['casual', 'tank top', 'cotton', 'slim']"
347,"['sleeveless', 'shorts', 'v-neck', 'slim', 'jumpsuit']"
348,"['casual', 'cotton', 'jumpsuit']"
349,"['casual', 'plus size', 'beach', 'shirt', 'tank top', 'cotton', 'loose', 'blouse']"
350,"['casual', 'dress', 'v-neck', 'party']"
351,"['dress', 'beach', 'print']"
352,"['dress', 'beach', 'party']"
353,"['dress', 'print', 'lace']"
354,['beach']
355,"['casual', 'shorts', 'sexy', 'pants', 'lace', 'sport']"
356,"['shorts', 'cotton']"
357,"['casual', 'sexy', 'shirt', 'tank top', 'pants', 'vest']"
358,"['casual', 'plus size', 'sleeveless', 'shorts', 'print', 'shirt']"
359,"['plus size', 'shorts']"
360,"['casual', 'print', 'shirt', 'tank top', 'loose', 'blouse', 'vest']"
361,"['casual', 'plus size', 'dress', 'sexy', 'tank top', 'cotton', 'vest', 'slim']"
362,"['shorts', 'sexy', 'ladies', 'pants']"
363,"['vest', 'waist']"
364,"['casual', 'plus size', 'print', 'pants']"
365,"['shorts', 'pants']"
366,"['shirt', 'tank top', 'ladies']"
367,"['casual', 'plus size', 'dress', 'v-neck', 'loose']"
368,"['sexy', 'v-neck', 'tank top', 'vest']"
369,"['casual', 'sexy', 'shirt', 'tank top', 'ladies', 'vest']"
370,[]
371,"['plus size', 'shorts', 'pants', 'waist']"
372,"['plus size', 'sleeveless', 'shorts', 'sexy', 'print', 'blouse']"
373,"['casual', 'plus size', 'print', 'v-neck', 'jumpsuit']"
374,"['casual', 'shirt', 'v-neck', 'cotton']"
375,"['casual', 'shirt', 'cotton']"
376,"['casual', 'plus size', 'sleeveless', 'shorts', 'shirt', 'cotton', 'ladies', 'blouse', 'slim']"
377,"['sport', 'bikini']"
378,"['casual', 'plus size', 'shorts', 'sexy', 'beach', 'print', 'waist', 'sport', 'bikini']"
379,"['casual', 'plus size', 'loose', 'pants', 'jumpsuit']"
380,"['v-neck', 'tank top', 'cotton', 'ladies', 'blouse', 'vest']"
381,"['sexy', 'bikini']"
382,"['sexy', 'tank top', 'vest']"
383,"['casual', 'plus size', 'loose', 'blouse']"
384,"['casual', 'ladies', 'pants', 'waist', 'sport']"
385,"['casual', 'dress', 'beach', 'v-neck', 'loose']"
386,['vest']
387,['shorts']
388,"['casual', 'sleeveless', 'shorts', 'pants', 'sport']"
389,"['casual', 'print', 'shirt', 'v-neck', 'blouse']"
390,"['casual', 'plus size', 'dress', 'shorts', 'sexy', 'beach', 'lace']"
391,"['plus size', 'shorts', 'ladies', 'sport', 'bikini']"
392,"['casual', 'sleeveless', 'shorts', 'shirt', 'v-neck', 'ladies']"
393,"['casual', 'plus size', 'dress', 'beach', 'print', 'v-neck']"
394,"['plus size', 'shorts', 'sexy', 'print', 'sport', 'jumpsuit']"
395,"['sexy', 'tank top', 'vest']"
396,"['sexy', 'vest']"
397,"['casual', 'plus size', 'sleeveless', 'shorts', 'shirt', 'v-neck', 'cotton']"
398,"['casual', 'plus size', 'print', 'tank top', 'blouse']"
399,"['sleeveless', 'dress', 'shorts', 'beach', 'ladies']"
400,"['casual', 'plus size', 'shorts', 'pants', 'lace', 'waist']"
401,"['dress', 'beach', 'lace', 'party']"
402,"['casual', 'plus size', 'shorts', 'ladies', 'pants']"
403,"['casual', 'plus size', 'beach']"
404,[]
405,[]
406,"['sleeveless', 'shorts']"
407,"['plus size', 'dress', 'print', 'lace']"
408,"['casual', 'plus size', 'print', 'v-neck', 'loose', 'vest']"
409,"['casual', 'dress', 'print', 'shirt', 'tank top', 'blouse', 'vest', 'party']"
410,"['slim', 'waist']"
411,"['shorts', 'sexy', 'ladies', 'pants']"
412,"['casual', 'plus size', 'dress', 'shirt', 'tank top', 'cotton', 'ladies', 'blouse', 'vest']"
413,"['casual', 'plus size', 'dress', 'beach', 'v-neck', 'tank top', 'cotton', 'ladies', 'party']"
414,"['vest', 'waist']"
415,"['vest', 'waist']"
416,"['casual', 'shorts', 'loose', 'pants']"
417,"['plus size', 'sleeveless', 'dress', 'shorts', 'ladies']"
418,"['casual', 'sleeveless', 'shorts', 'shirt', 'v-neck']"
419,"['sexy', 'shirt', 'blouse', 'lace', 'slim']"
420,"['casual', 'dress', 'beach', 'v-neck', 'loose']"
421,"['casual', 'plus size', 'dress', 'v-neck']"
422,"['casual', 'plus size', 'sleeveless', 'dress', 'shorts', 'print', 'v-neck', 'loose']"
423,"['casual', 'plus size', 'beach', 'shirt', 'tank top', 'cotton', 'loose', 'blouse']"
424,['beach']
425,"['dress', 'shorts', 'sexy', 'print', 'slim']"
426,"['casual', 'plus size', 'sexy', 'print', 'shirt', 'v-neck', 'vest']"
427,"['casual', 'plus size', 'shorts', 'sexy', 'beach', 'print', 'waist', 'sport', 'bikini']"
428,"['casual', 'shorts', 'cotton', 'pants']"
429,"['dress', 'shorts', 'beach', 'pants', 'jumpsuit']"
430,"['casual', 'plus size', 'sleeveless', 'shorts', 'shirt']"
431,"['casual', 'plus size', 'sleeveless', 'shorts', 'sexy', 'v-neck', 'blouse', 'lace']"
432,"['casual', 'plus size', 'sleeveless', 'dress', 'shorts', 'print', 'v-neck', 'cotton', 'ladies']"
433,"['casual', 'shorts', 'shirt', 'v-neck', 'tank top', 'blouse', 'vest', 'slim']"
434,"['plus size', 'dress', 'beach', 'print', 'v-neck', 'party']"
435,"['casual', 'dress', 'print', 'v-neck']"
436,"['shorts', 'shirt', 'ladies']"
437,"['shorts', 'cotton', 'pants', 'lace', 'sport']"
438,"['dress', 'beach', 'print', 'ladies']"
439,"['casual', 'plus size', 'print', 'shirt', 'cotton', 'slim']"
440,"['casual', 'shorts', 'sexy', 'slim', 'waist']"
441,"['shorts', 'pants', 'slim', 'sport']"
442,"['casual', 'dress', 'beach', 'v-neck', 'loose']"
443,"['shorts', 'pants', 'sport']"
444,"['casual', 'plus size', 'dress', 'v-neck']"
445,"['casual', 'sleeveless', 'shorts', 'print', 'shirt', 'v-neck', 'cotton']"
446,"['casual', 'plus size', 'dress', 'sexy', 'slim']"
447,"['casual', 'sleeveless', 'shorts', 'print', 'shirt', 'v-neck', 'ladies']"
448,"['casual', 'dress', 'shorts', 'print', 'loose']"
449,"['dress', 'beach', 'shirt', 'blouse', 'sport', 'bikini']"
450,"['casual', 'plus size', 'sexy', 'shirt', 'blouse']"
451,"['casual', 'plus size', 'shirt', 'v-neck', 'tank top', 'blouse']"
452,"['dress', 'lace', 'bikini']"
453,"['plus size', 'tank top', 'blouse']"
454,"['casual', 'dress', 'beach', 'v-neck', 'loose']"
455,"['dress', 'sexy', 'beach', 'print', 'ladies']"
456,"['casual', 'ladies', 'pants', 'jumpsuit']"
457,"['dress', 'sexy', 'vest']"
458,"['print', 'waist', 'sport', 'bikini']"
459,"['casual', 'shorts', 'sexy', 'lace', 'waist']"
460,[]
461,"['casual', 'plus size', 'dress', 'sexy', 'shirt', 'v-neck', 'tank top', 'cotton', 'ladies', 'blouse', 'vest']"
462,"['plus size', 'dress', 'beach', 'v-neck', 'lace']"
463,"['casual', 'plus size', 'sleeveless', 'dress', 'shorts', 'beach', 'print', 'v-neck', 'loose']"
464,"['casual', 'dress', 'print', 'v-neck']"
465,"['plus size', 'shorts', 'lace']"
466,"['casual', 'plus size', 'tank top', 'vest', 'slim']"
467,"['shorts', 'shirt']"
468,"['dress', 'shorts', 'waist']"
469,"['casual', 'plus size', 'beach', 'shirt', 'tank top', 'cotton', 'loose', 'blouse']"
470,"['casual', 'sleeveless', 'shorts', 'sexy', 'v-neck', 'tank top']"
471,"['plus size', 'shorts', 'waist']"
472,"['casual', 'loose', 'pants', 'waist']"
473,"['dress', 'beach', 'print', 'slim', 'waist', 'party']"
474,"['sexy', 'v-neck', 'tank top', 'vest']"
475,"['shorts', 'pants', 'sport']"
476,"['casual', 'shorts', 'loose', 'pants', 'jumpsuit']"
477,"['dress', 'print']"
478,"['casual', 'sleeveless', 'dress', 'shorts', 'v-neck', 'cotton', 'ladies', 'loose']"
479,"['casual', 'plus size', 'dress', 'shirt', 'v-neck', 'tank top', 'cotton', 'ladies', 'blouse', 'vest']"
480,"['casual', 'dress', 'lace']"
481,"['sexy', 'v-neck', 'vest', 'slim']"
482,"['tank top', 'cotton', 'vest']"
483,"['casual', 'plus size', 'dress', 'beach', 'print', 'v-neck', 'ladies', 'party']"
484,"['casual', 'tank top', 'pants', 'jumpsuit']"
485,"['dress', 'shorts', 'sexy', 'print']"
486,"['casual', 'plus size', 'dress', 'v-neck', 'party']"
487,"['plus size', 'shorts', 'cotton', 'pants', 'sport']"
488,"['casual', 'shorts', 'sexy', 'v-neck', 'cotton', 'slim', 'sport']"
489,"['casual', 'sleeveless', 'shorts', 'shirt', 'sport']"
490,"['plus size', 'shirt']"
491,[]
492,"['dress', 'sexy', 'beach', 'lace', 'party']"
493,"['casual', 'dress', 'print']"
494,"['shorts', 'print', 'waist', 'sport', 'bikini']"
495,"['casual', 'dress', 'sexy', 'shirt', 'blouse']"
496,"['dress', 'beach', 'party']"
497,"['sexy', 'beach', 'print', 'vest']"
498,"['dress', 'sexy', 'shirt', 'tank top', 'vest', 'slim']"
499,"['shirt', 'tank top', 'vest']"
500,"['dress', 'sexy', 'v-neck', 'lace', 'slim', 'party']"
501,"['casual', 'print', 'shirt', 'blouse']"
502,"['sport', 'bikini']"
503,"['casual', 'shorts', 'slim']"
504,['sport']
505,"['casual', 'plus size', 'print', 'v-neck', 'loose', 'vest']"
506,"['dress', 'sport']"
507,"['casual', 'sleeveless', 'dress', 'shorts', 'v-neck', 'loose']"
508,['shorts']
509,"['shorts', 'beach', 'sport']"
510,['sexy']
511,['shirt']
512,"['casual', 'plus size', 'dress', 'beach', 'v-neck', 'cotton', 'ladies', 'party']"
513,"['casual', 'shorts', 'pants', 'slim', 'jumpsuit']"
514,"['casual', 'plus size', 'dress', 'v-neck', 'loose']"
515,"['casual', 'sleeveless', 'shorts', 'beach', 'shirt', 'cotton', 'slim']"
516,"['casual', 'plus size', 'shorts', 'waist']"
517,"['casual', 'plus size', 'sleeveless', 'sexy', 'shirt', 'cotton', 'ladies', 'blouse']"
518,"['casual', 'sleeveless', 'shorts', 'v-neck', 'sport']"
519,"['casual', 'sleeveless', 'shorts', 'v-neck', 'sport']"
520,"['casual', 'plus size', 'tank top', 'pants', 'jumpsuit']"
521,"['dress', 'sexy', 'print', 'party']"
522,"['shorts', 'waist', 'sport']"
523,"['casual', 'plus size', 'shorts', 'shirt', 'v-neck', 'loose', 'blouse']"
524,"['sleeveless', 'shorts', 'v-neck', 'slim', 'sport', 'jumpsuit']"
525,"['casual', 'plus size', 'shirt', 'tank top', 'ladies', 'blouse', 'vest']"
526,"['tank top', 'cotton', 'slim']"
527,"['casual', 'plus size', 'jumpsuit']"
528,"['shorts', 'sexy', 'cotton', 'waist', 'sport']"
529,"['dress', 'sexy', 'slim', 'sport', 'jumpsuit', 'bikini']"
530,"['casual', 'plus size', 'sexy', 'beach', 'print', 'tank top', 'cotton', 'vest', 'slim']"
531,"['dress', 'sexy', 'print']"
532,"['casual', 'plus size', 'shorts', 'loose', 'pants', 'lace']"
533,"['dress', 'beach', 'lace', 'party']"
534,"['casual', 'plus size', 'sleeveless', 'shirt', 'v-neck']"
535,"['sexy', 'lace', 'waist', 'bikini']"
536,"['dress', 'shorts', 'sexy', 'pants', 'lace', 'waist']"
537,"['casual', 'dress', 'shorts', 'beach', 'party']"
538,"['casual', 'plus size', 'sleeveless', 'dress', 'shorts', 'beach']"
539,"['sleeveless', 'shorts', 'shirt', 'pants', 'sport']"
540,"['plus size', 'dress', 'beach', 'shirt', 'v-neck', 'party']"
541,"['plus size', 'dress', 'print', 'waist']"
542,"['dress', 'sexy', 'tank top']"
543,"['casual', 'plus size', 'dress', 'print', 'shirt', 'tank top', 'ladies', 'blouse', 'vest', 'sport']"
544,"['plus size', 'dress', 'sexy', 'beach', 'v-neck', 'lace']"
545,"['casual', 'plus size', 'sexy', 'shirt', 'ladies', 'blouse', 'lace', 'slim']"
546,"['casual', 'sleeveless', 'dress', 'shorts', 'shirt', 'v-neck']"
547,"['dress', 'print']"
548,"['plus size', 'sport']"
549,"['casual', 'plus size', 'print', 'v-neck', 'tank top', 'loose', 'vest']"
550,"['casual', 'plus size', 'sleeveless', 'beach', 'print', 'shirt', 'blouse']"
551,"['casual', 'plus size', 'dress', 'beach', 'party']"
552,"['sport', 'bikini']"
553,"['casual', 'plus size', 'sleeveless', 'shorts', 'print', 'shirt', 'ladies', 'blouse']"
554,"['plus size', 'sleeveless', 'shorts', 'sexy', 'print', 'blouse']"
555,"['plus size', 'dress', 'beach', 'v-neck', 'lace']"
556,"['pants', 'slim']"
557,"['plus size', 'sleeveless', 'shirt', 'waist']"
558,"['casual', 'dress', 'party']"
559,"['shorts', 'pants', 'sport']"
560,"['plus size', 'print', 'tank top', 'ladies', 'vest']"
561,"['dress', 'v-neck', 'lace', 'party']"
562,"['casual', 'dress']"
563,"['casual', 'dress', 'sexy', 'v-neck', 'cotton']"
564,"['sleeveless', 'dress', 'shorts', 'beach', 'print', 'party']"
565,"['casual', 'shorts', 'pants', 'waist']"
566,"['casual', 'plus size', 'sleeveless', 'shorts', 'shirt', 'cotton', 'ladies', 'blouse', 'lace']"
567,"['casual', 'plus size', 'shorts', 'loose', 'pants']"
568,"['casual', 'dress', 'print', 'v-neck']"
569,"['casual', 'print', 'shirt', 'tank top']"
570,"['vest', 'waist']"
571,"['plus size', 'dress', 'shorts', 'slim', 'waist']"
572,"['plus size', 'shorts', 'ladies', 'sport', 'bikini']"
573,"['pants', 'slim']"
574,"['dress', 'beach', 'v-neck', 'blouse', 'lace', 'bikini']"
575,"['casual', 'dress', 'print', 'v-neck', 'slim']"
576,"['casual', 'plus size', 'dress', 'sexy', 'shirt', 'tank top', 'cotton', 'blouse', 'vest', 'lace']"
577,"['casual', 'plus size', 'shorts', 'beach', 'pants']"
578,"['casual', 'sleeveless', 'dress', 'shorts', 'sexy', 'v-neck']"
579,"['casual', 'plus size', 'sleeveless', 'dress', 'shorts', 'beach', 'shirt', 'blouse', 'party']"
580,"['casual', 'plus size', 'beach', 'shirt', 'tank top', 'cotton', 'loose', 'blouse']"
581,"['sexy', 'v-neck', 'tank top', 'vest']"
582,"['casual', 'plus size', 'sleeveless', 'dress', 'shorts', 'sexy', 'beach', 'shirt', 'tank top', 'cotton', 'ladies', 'party']"
583,"['beach', 'bikini']"
584,['beach']
585,"['casual', 'sexy', 'beach', 'v-neck', 'slim', 'jumpsuit']"
586,"['casual', 'plus size', 'dress', 'beach', 'tank top', 'cotton', 'ladies', 'party']"
587,"['sexy', 'tank top', 'lace', 'slim']"
588,"['casual', 'tank top', 'ladies', 'pants', 'jumpsuit']"
589,"['plus size', 'shorts', 'loose', 'pants', 'sport']"
590,"['casual', 'shorts', 'sexy', 'pants', 'slim']"
591,"['casual', 'sleeveless', 'shorts', 'shirt', 'v-neck']"
592,"['casual', 'sleeveless', 'shorts', 'sexy', 'print', 'shirt']"
593,"['casual', 'plus size', 'sleeveless', 'shorts', 'beach', 'shirt', 'cotton', 'ladies', 'loose', 'blouse']"
594,"['dress', 'beach', 'print']"
595,"['casual', 'plus size', 'shirt', 'v-neck', 'tank top', 'ladies']"
596,"['plus size', 'dress', 'beach', 'party']"
597,"['beach', 'sport', 'bikini']"
598,"['casual', 'plus size', 'dress', 'print', 'v-neck']"
599,"['sleeveless', 'shorts', 'shirt', 'cotton', 'blouse']"
600,"['plus size', 'sexy', 'beach', 'jumpsuit']"
601,"['casual', 'plus size', 'shorts', 'beach', 'ladies', 'loose', 'pants']"
602,"['casual', 'plus size', 'shorts', 'sexy', 'tank top', 'lace']"
603,"['casual', 'plus size', 'dress', 'print', 'cotton']"
604,"['plus size', 'print', 'lace']"
605,"['plus size', 'dress', 'sexy', 'party']"
606,"['casual', 'shorts', 'pants', 'lace', 'slim', 'sport']"
607,"['casual', 'dress', 'print', 'v-neck', 'waist']"
608,"['dress', 'sexy', 'beach', 'party']"
609,"['dress', 'sexy', 'beach', 'print']"
610,"['casual', 'plus size', 'shorts', 'sexy', 'beach', 'shirt', 'tank top', 'cotton', 'ladies', 'vest', 'slim']"
611,"['casual', 'plus size', 'sleeveless', 'dress', 'shorts', 'sexy', 'beach', 'shirt', 'v-neck', 'cotton', 'blouse', 'party']"
612,"['casual', 'plus size', 'shirt', 'cotton', 'ladies', 'loose', 'blouse']"
613,['vest']
614,"['dress', 'beach', 'v-neck', 'ladies', 'lace', 'party']"
615,"['plus size', 'shorts', 'beach']"
616,"['casual', 'plus size', 'tank top', 'vest']"
617,"['casual', 'shorts', 'sexy', 'lace', 'slim', 'waist', 'sport']"
618,[]
619,"['casual', 'plus size', 'print', 'tank top']"
620,"['plus size', 'shorts', 'loose', 'pants', 'sport']"
621,"['casual', 'plus size', 'beach', 'v-neck', 'waist', 'sport', 'bikini']"
622,"['casual', 'dress', 'shorts', 'print', 'pants', 'waist']"
623,"['shorts', 'sport']"
624,"['casual', 'plus size', 'print', 'shirt', 'v-neck', 'tank top']"
625,"['plus size', 'dress', 'party']"
626,"['casual', 'plus size', 'beach', 'shirt', 'tank top', 'cotton', 'loose', 'blouse']"
627,"['sleeveless', 'shorts', 'sexy', 'shirt', 'pants', 'jumpsuit']"
628,"['plus size', 'sexy', 'bikini']"
629,"['dress', 'print', 'waist']"
630,"['sport', 'bikini']"
631,"['dress', 'sexy']"
632,"['casual', 'plus size', 'shorts', 'pants', 'lace', 'slim', 'waist']"
633,"['casual', 'plus size', 'pants']"
634,"['dress', 'v-neck', 'tank top', 'vest']"
635,"['shorts', 'sport']"
636,[]
637,[]
638,"['casual', 'sleeveless', 'dress', 'shorts', 'sexy', 'v-neck']"
639,"['casual', 'plus size', 'dress', 'v-neck', 'cotton', 'loose']"
640,"['casual', 'dress', 'beach', 'ladies', 'waist', 'sport', 'bikini']"
641,"['dress', 'beach', 'party']"
642,"['sexy', 'pants', 'sport']"
643,"['dress', 'beach', 'print']"
644,"['casual', 'sleeveless', 'dress', 'shirt', 'ladies', 'blouse']"
645,"['casual', 'plus size', 'sleeveless', 'shorts', 'print', 'shirt']"
646,"['dress', 'beach', 'print', 'lace']"
647,"['casual', 'plus size', 'dress']"
648,"['casual', 'shirt', 'tank top', 'blouse', 'vest']"
649,"['casual', 'plus size', 'dress', 'print', 'lace', 'slim', 'waist']"
650,"['casual', 'plus size', 'sexy', 'print', 'lace']"
651,['shorts']
652,"['plus size', 'dress', 'beach', 'shirt', 'v-neck', 'party']"
653,"['sleeveless', 'dress', 'shorts', 'beach', 'ladies']"
654,"['pants', 'slim']"
655,"['casual', 'dress', 'beach', 'v-neck', 'loose']"
656,"['plus size', 'sleeveless', 'shorts', 'shirt']"
657,"['casual', 'sleeveless', 'shorts', 'shirt', 'v-neck', 'lace']"
658,"['casual', 'plus size']"
659,"['casual', 'plus size', 'dress', 'print', 'shirt', 'sport']"
660,"['casual', 'plus size', 'shorts', 'beach', 'ladies', 'pants']"
661,"['dress', 'sexy', 'party']"
662,"['casual', 'plus size', 'shirt']"
663,"['shorts', 'ladies', 'jumpsuit']"
664,"['plus size', 'shorts', 'lace']"
665,"['plus size', 'sleeveless', 'dress', 'shorts', 'v-neck', 'party']"
666,"['plus size', 'print', 'pants', 'slim', 'waist']"
667,"['casual', 'shorts', 'pants', 'waist', 'sport']"
668,"['casual', 'shorts', 'loose', 'pants', 'jumpsuit']"
669,"['casual', 'shorts', 'pants', 'waist']"
670,"['casual', 'shorts', 'sexy', 'v-neck', 'cotton', 'slim', 'sport']"
671,"['casual', 'dress', 'sexy', 'party']"
672,"['dress', 'sexy', 'beach', 'v-neck']"
673,"['casual', 'plus size', 'sleeveless', 'shorts', 'v-neck', 'loose', 'jumpsuit']"
674,"['casual', 'plus size', 'sleeveless', 'sexy', 'shirt', 'cotton', 'ladies', 'blouse']"
675,"['casual', 'plus size', 'beach']"
676,"['casual', 'plus size', 'sleeveless', 'dress', 'shorts', 'print', 'ladies']"
677,"['casual', 'plus size', 'shirt', 'v-neck', 'tank top', 'blouse']"
678,"['casual', 'plus size', 'dress', 'v-neck']"
679,"['casual', 'plus size', 'shorts', 'pants', 'lace', 'slim', 'waist']"
680,"['casual', 'plus size', 'shirt', 'cotton', 'ladies', 'loose', 'blouse']"
681,"['casual', 'plus size', 'dress', 'shorts', 'sexy', 'beach', 'lace']"
682,"['dress', 'sexy', 'beach', 'print', 'party']"
683,"['casual', 'plus size', 'jumpsuit']"
684,"['casual', 'plus size', 'dress', 'beach', 'party']"
685,"['casual', 'sleeveless', 'dress', 'shorts', 'beach', 'v-neck', 'loose']"
686,"['casual', 'plus size', 'loose', 'pants', 'jumpsuit']"
687,"['casual', 'tank top', 'pants', 'jumpsuit']"
688,"['dress', 'print', 'v-neck', 'party']"
689,"['shorts', 'sport']"
690,"['plus size', 'sleeveless', 'dress', 'shorts', 'print', 'loose', 'lace']"
691,"['plus size', 'dress', 'v-neck']"
692,"['dress', 'sexy', 'beach', 'lace']"
693,"['casual', 'plus size', 'dress', 'beach', 'v-neck', 'loose']"
694,"['casual', 'plus size', 'tank top', 'loose', 'vest', 'slim']"
695,"['casual', 'sexy', 'v-neck', 'lace', 'slim', 'jumpsuit']"
696,"['casual', 'sleeveless', 'shorts', 'shirt', 'cotton']"
697,"['casual', 'tank top']"
698,"['tank top', 'cotton', 'vest']"
699,"['casual', 'sleeveless', 'shorts', 'v-neck', 'ladies', 'waist', 'jumpsuit']"
700,"['casual', 'dress', 'beach', 'v-neck', 'loose']"
701,"['casual', 'shorts', 'loose', 'pants', 'jumpsuit']"
702,"['casual', 'plus size', 'sleeveless', 'dress', 'shorts', 'v-neck']"
703,"['casual', 'plus size', 'loose', 'pants']"
704,"['plus size', 'sleeveless', 'shirt', 'v-neck', 'loose']"
705,"['casual', 'plus size', 'dress', 'v-neck', 'party']"
706,"['dress', 'shorts', 'party']"
707,"['dress', 'shorts', 'beach', 'jumpsuit']"
708,"['casual', 'shorts', 'sexy', 'pants']"
709,"['print', 'waist', 'sport', 'bikini']"
710,"['sleeveless', 'shorts', 'sexy', 'print', 'shirt', 'pants']"
711,"['plus size', 'sleeveless', 'dress', 'shorts', 'v-neck', 'cotton', 'loose']"
712,"['dress', 'print', 'party']"
713,"['plus size', 'cotton', 'waist']"
714,"['dress', 'sexy', 'print']"
715,"['casual', 'plus size', 'sleeveless', 'dress', 'shorts', 'v-neck']"
716,['shorts']
717,"['casual', 'plus size', 'shorts', 'cotton', 'pants', 'waist']"
718,"['casual', 'dress', 'print', 'v-neck', 'waist']"
719,"['casual', 'plus size', 'sleeveless', 'dress', 'shorts', 'beach', 'v-neck', 'ladies', 'loose', 'blouse']"
720,"['plus size', 'dress', 'beach']"
721,"['sexy', 'sport', 'bikini']"
722,"['casual', 'plus size', 'print', 'v-neck', 'loose', 'vest']"
723,"['sexy', 'beach', 'print', 'v-neck', 'sport', 'bikini']"
724,"['casual', 'dress', 'beach', 'v-neck', 'loose']"
725,"['dress', 'ladies', 'lace']"
726,[]
727,"['casual', 'plus size', 'dress', 'cotton']"
728,"['casual', 'plus size', 'dress', 'v-neck', 'loose']"
729,"['casual', 'plus size', 'sexy', 'print', 'tank top', 'cotton', 'loose', 'blouse', 'lace']"
730,"['casual', 'plus size', 'dress', 'cotton', 'loose']"
731,"['dress', 'beach', 'party']"
732,"['casual', 'tank top', 'cotton', 'slim']"
733,"['plus size', 'shorts', 'waist']"
734,"['plus size', 'sleeveless', 'dress', 'shorts', 'ladies']"
735,"['dress', 'print', 'tank top']"
736,"['beach', 'bikini']"
737,"['casual', 'plus size', 'tank top', 'vest']"
738,"['dress', 'sexy', 'v-neck', 'jumpsuit']"
739,"['casual', 'plus size', 'shorts', 'loose', 'pants', 'lace']"
740,"['dress', 'beach']"
741,"['dress', 'v-neck', 'lace']"
742,"['casual', 'plus size', 'shorts', 'pants', 'lace', 'waist']"
743,"['casual', 'dress', 'v-neck']"
744,"['casual', 'sleeveless', 'shorts', 'shirt', 'jumpsuit']"
745,"['casual', 'shirt', 'tank top', 'vest']"
746,"['dress', 'sexy', 'print']"
747,"['casual', 'plus size', 'print', 'v-neck', 'loose', 'blouse', 'vest']"
748,"['casual', 'plus size', 'sleeveless', 'shorts', 'shirt', 'cotton', 'ladies', 'blouse', 'slim']"
749,"['casual', 'dress', 'print', 'v-neck', 'cotton', 'jumpsuit']"
750,"['casual', 'shorts', 'loose', 'pants', 'waist']"
751,"['beach', 'bikini']"
752,"['dress', 'sexy', 'slim']"
753,[]
754,"['casual', 'plus size', 'print', 'tank top']"
755,"['casual', 'sleeveless', 'shorts', 'shirt', 'cotton']"
756,"['casual', 'plus size', 'sleeveless', 'dress', 'shorts', 'beach', 'v-neck', 'ladies', 'blouse', 'party', 'sport']"
757,"['casual', 'sleeveless', 'shorts', 'shirt', 'v-neck', 'cotton']"
758,"['plus size', 'dress', 'sexy', 'v-neck', 'party']"
759,"['casual', 'plus size', 'shorts', 'pants', 'lace', 'slim', 'waist']"
760,"['shirt', 'tank top', 'vest', 'slim']"
761,"['vest', 'waist']"
762,"['sleeveless', 'dress', 'beach', 'print', 'v-neck', 'party']"
763,"['casual', 'plus size', 'dress', 'sexy', 'beach']"
764,"['sexy', 'print', 'jumpsuit']"
765,"['sexy', 'sport', 'bikini']"
766,"['sleeveless', 'dress', 'shorts', 'beach', 'v-neck', 'party']"
767,"['casual', 'plus size', 'pants', 'jumpsuit']"
768,"['casual', 'shorts', 'beach', 'pants', 'sport']"
769,"['casual', 'plus size', 'shorts', 'loose', 'pants', 'lace']"
770,"['casual', 'dress', 'beach', 'v-neck', 'loose']"
771,"['dress', 'sexy', 'beach', 'party']"
772,"['casual', 'plus size', 'shirt', 'v-neck', 'tank top', 'blouse']"
773,"['dress', 'sexy', 'v-neck', 'ladies', 'lace', 'party']"
774,"['dress', 'sport']"
775,"['dress', 'v-neck']"
776,"['casual', 'shirt', 'ladies', 'blouse']"
777,"['sleeveless', 'shorts', 'v-neck', 'slim', 'jumpsuit']"
778,"['casual', 'dress', 'v-neck']"
779,"['plus size', 'dress', 'lace', 'party']"
780,"['casual', 'plus size', 'print', 'v-neck', 'jumpsuit']"
781,"['casual', 'plus size', 'sleeveless', 'shorts', 'print', 'shirt', 'cotton']"
782,"['casual', 'plus size', 'sleeveless', 'dress', 'shorts', 'print', 'v-neck', 'loose']"
783,"['casual', 'sleeveless', 'shorts', 'shirt', 'cotton']"
784,"['casual', 'shorts', 'pants']"
785,"['casual', 'sleeveless', 'shirt', 'v-neck', 'loose', 'blouse']"
786,"['casual', 'plus size', 'dress', 'shorts', 'sexy', 'beach', 'print', 'shirt', 'v-neck', 'tank top', 'cotton', 'ladies', 'party']"
787,"['dress', 'sexy', 'tank top', 'blouse', 'vest', 'lace']"
788,"['sleeveless', 'dress', 'shorts', 'sexy', 'print', 'cotton', 'slim']"
789,"['casual', 'shorts', 'pants']"
790,"['casual', 'plus size', 'sexy', 'shirt', 'v-neck', 'tank top']"
791,"['casual', 'dress', 'sexy', 'party']"
792,"['casual', 'plus size', 'sleeveless', 'dress', 'shirt', 'ladies', 'blouse']"
793,"['plus size', 'shorts', 'ladies', 'sport', 'bikini']"
794,"['plus size', 'sleeveless', 'shorts', 'shirt', 'v-neck']"
795,"['sexy', 'beach', 'waist', 'sport', 'bikini']"
796,"['plus size', 'tank top', 'ladies']"
797,"['casual', 'plus size', 'dress', 'beach', 'v-neck', 'ladies', 'slim', 'party']"
798,['shirt']
799,"['beach', 'waist', 'sport', 'bikini']"
800,"['casual', 'plus size', 'print', 'tank top']"
801,"['casual', 'dress', 'beach', 'v-neck', 'ladies']"
802,"['casual', 'dress', 'v-neck']"
803,"['casual', 'sleeveless', 'shorts', 'print', 'shirt', 'v-neck']"
804,['casual']
805,"['dress', 'beach', 'party']"
806,"['casual', 'sleeveless', 'dress', 'v-neck', 'ladies', 'slim', 'waist', 'party']"
807,"['casual', 'plus size', 'beach', 'shirt', 'tank top', 'cotton', 'loose', 'blouse']"
808,"['casual', 'shorts', 'waist']"
809,"['casual', 'beach', 'party']"
810,"['shorts', 'beach', 'slim', 'sport']"
811,"['tank top', 'ladies']"
812,"['plus size', 'dress', 'sexy', 'beach', 'ladies', 'slim', 'party']"
813,"['casual', 'dress', 'v-neck', 'tank top', 'vest']"
814,"['dress', 'v-neck']"
815,"['casual', 'shorts', 'ladies', 'slim', 'jumpsuit']"
816,"['casual', 'pants']"
817,"['casual', 'sleeveless', 'dress', 'shirt', 'ladies', 'blouse']"
818,"['casual', 'plus size', 'shorts', 'pants', 'lace', 'slim', 'waist']"
819,"['casual', 'plus size', 'dress', 'sexy', 'beach', 'shirt', 'v-neck', 'tank top', 'cotton', 'ladies', 'party']"
820,"['casual', 'plus size', 'dress', 'v-neck', 'tank top']"
821,"['casual', 'sexy', 'v-neck', 'vest', 'slim', 'sport']"
822,"['casual', 'plus size', 'tank top', 'slim']"
823,"['casual', 'dress', 'beach', 'tank top', 'slim']"
824,"['casual', 'dress', 'beach', 'v-neck', 'loose']"
825,[]
826,"['beach', 'sport', 'bikini']"
827,"['casual', 'dress', 'sexy', 'party']"
828,"['casual', 'dress', 'beach', 'print', 'ladies', 'slim']"
829,"['casual', 'plus size', 'shorts', 'lace']"
830,"['casual', 'plus size', 'dress', 'sexy', 'print', 'slim', 'party']"
831,"['casual', 'plus size', 'dress', 'cotton', 'lace']"
832,"['dress', 'shorts', 'beach', 'jumpsuit']"
833,"['casual', 'plus size', 'shirt', 'tank top', 'loose', 'lace']"
834,"['casual', 'plus size', 'shirt', 'cotton', 'vest']"
835,"['casual', 'plus size', 'dress', 'beach', 'print', 'v-neck', 'ladies', 'party']"
836,"['casual', 'plus size', 'sleeveless', 'shorts', 'print', 'shirt', 'cotton']"
837,"['casual', 'plus size', 'shirt', 'blouse', 'lace']"
838,"['dress', 'shorts', 'beach', 'jumpsuit']"
839,"['casual', 'plus size', 'shorts', 'pants', 'lace', 'waist', 'sport']"
840,"['sexy', 'sport', 'bikini']"
841,"['dress', 'shorts', 'v-neck', 'party', 'jumpsuit']"
842,"['sleeveless', 'shorts', 'loose', 'pants', 'jumpsuit']"
843,"['dress', 'sexy', 'beach', 'waist', 'sport', 'bikini']"
844,"['casual', 'sleeveless', 'shorts', 'print', 'shirt']"
845,"['plus size', 'dress', 'print', 'v-neck']"
846,"['dress', 'sexy', 'beach', 'v-neck']"
847,"['casual', 'plus size', 'dress', 'beach', 'v-neck', 'loose']"
848,"['casual', 'plus size', 'sleeveless', 'shorts', 'shirt', 'loose', 'blouse']"
849,"['print', 'loose', 'jumpsuit']"
850,"['casual', 'shorts', 'pants', 'slim', 'waist']"
851,"['casual', 'plus size', 'sleeveless', 'shorts', 'shirt', 'v-neck']"
852,"['dress', 'beach', 'party']"
853,['beach']
854,['beach']
855,"['shorts', 'sexy', 'beach', 'pants', 'lace', 'waist']"
856,[]
857,"['casual', 'shirt', 'pants']"
858,"['casual', 'sleeveless', 'shorts', 'shirt', 'v-neck']"
859,"['casual', 'plus size', 'dress', 'v-neck', 'ladies']"
860,"['casual', 'sleeveless', 'shorts', 'print', 'shirt', 'cotton']"
861,"['casual', 'plus size', 'dress', 'sexy', 'print', 'slim']"
862,"['casual', 'dress', 'v-neck', 'tank top', 'vest']"
863,"['casual', 'plus size', 'sleeveless', 'dress', 'shorts', 'beach', 'print', 'v-neck', 'loose']"
864,"['casual', 'plus size', 'sexy', 'tank top', 'ladies']"
865,"['casual', 'print', 'cotton', 'sport']"
866,"['casual', 'dress', 'beach', 'v-neck']"
867,"['shorts', 'print', 'pants', 'lace', 'sport']"
868,"['casual', 'plus size', 'dress']"
869,"['shorts', 'sexy', 'sport']"
870,"['casual', 'plus size', 'dress', 'shorts', 'print']"
871,"['casual', 'plus size', 'shirt', 'tank top', 'cotton']"
872,"['casual', 'plus size', 'sleeveless', 'shorts', 'shirt', 'v-neck', 'blouse']"
873,"['casual', 'pants', 'waist']"
874,"['plus size', 'sexy', 'shirt']"
875,"['casual', 'plus size', 'sexy', 'shirt', 'v-neck', 'tank top', 'cotton', 'ladies', 'blouse', 'vest']"
876,['party']
877,"['plus size', 'pants']"
878,"['plus size', 'beach', 'sport', 'bikini']"
879,"['casual', 'plus size', 'print', 'blouse', 'vest']"
880,"['casual', 'dress', 'beach', 'v-neck']"
881,"['casual', 'dress', 'print', 'v-neck']"
882,"['casual', 'shorts', 'loose', 'pants', 'waist']"
883,"['casual', 'pants', 'waist', 'sport']"
884,"['casual', 'sleeveless', 'shorts', 'pants', 'sport']"
885,"['beach', 'print', 'waist', 'sport', 'bikini']"
886,"['plus size', 'print', 'shirt', 'v-neck', 'vest']"
887,"['plus size', 'print', 'tank top', 'lace']"
888,"['plus size', 'sexy', 'tank top', 'blouse']"
889,"['pants', 'slim']"
890,"['sleeveless', 'shorts']"
891,"['casual', 'plus size', 'dress']"
892,"['casual', 'plus size', 'sexy', 'print', 'shirt', 'tank top', 'cotton']"
893,"['dress', 'sexy', 'party']"
894,"['casual', 'plus size', 'shirt', 'v-neck', 'tank top', 'cotton', 'loose', 'blouse', 'vest']"
895,"['casual', 'sleeveless', 'dress', 'shorts', 'print', 'v-neck', 'loose']"
896,"['casual', 'pants', 'waist']"
897,"['casual', 'plus size', 'dress', 'beach', 'v-neck', 'loose']"
898,"['casual', 'dress', 'sexy', 'party']"
899,"['casual', 'dress', 'sexy', 'party']"
900,"['casual', 'sexy', 'shirt', 'loose', 'blouse', 'vest']"
901,"['sleeveless', 'dress', 'shorts', 'print', 'v-neck']"
902,"['sexy', 'print']"
903,"['casual', 'shirt', 'tank top', 'blouse', 'vest']"
904,"['print', 'v-neck', 'ladies', 'blouse', 'slim']"
905,"['plus size', 'dress', 'shorts', 'slim', 'waist']"
906,"['casual', 'plus size', 'sleeveless', 'shorts', 'print', 'shirt', 'v-neck', 'cotton', 'blouse']"
907,"['casual', 'shorts', 'sexy', 'ladies', 'slim', 'waist', 'jumpsuit']"
908,"['casual', 'dress', 'sexy', 'print', 'lace', 'slim', 'waist']"
909,"['casual', 'plus size', 'dress', 'cotton', 'loose']"
910,"['casual', 'shorts', 'sexy']"
911,"['plus size', 'dress', 'print']"
912,"['casual', 'loose', 'pants', 'slim']"
913,"['beach', 'sport', 'bikini']"
914,"['casual', 'dress', 'beach', 'v-neck', 'loose']"
915,"['casual', 'plus size', 'sexy', 'print', 'tank top', 'cotton', 'loose', 'blouse', 'lace']"
916,[]
917,"['plus size', 'shorts', 'sexy', 'ladies', 'sport']"
918,"['casual', 'plus size', 'dress', 'shorts', 'sexy', 'beach', 'lace']"
919,"['casual', 'shorts', 'loose', 'pants', 'jumpsuit']"
920,"['casual', 'plus size', 'print', 'tank top']"
921,"['casual', 'plus size', 'jumpsuit']"
922,"['pants', 'slim']"
923,"['casual', 'sleeveless', 'shorts', 'sport']"
924,"['vest', 'waist']"
925,"['dress', 'beach', 'print']"
926,"['casual', 'print', 'tank top']"
927,"['casual', 'plus size', 'sexy', 'beach', 'print', 'sport', 'bikini']"
928,"['casual', 'shorts', 'loose', 'pants', 'jumpsuit']"
929,"['shorts', 'cotton']"
930,"['casual', 'shorts', 'sexy', 'beach', 'print', 'ladies', 'jumpsuit']"
931,"['plus size', 'sleeveless', 'dress', 'shorts', 'ladies']"
932,"['casual', 'dress', 'sexy', 'shirt']"
933,"['v-neck', 'lace']"
934,"['casual', 'print', 'shirt', 'tank top', 'loose', 'blouse', 'vest']"
935,"['dress', 'print', 'shirt', 'cotton', 'ladies']"
936,"['dress', 'print', 'tank top']"
937,"['sleeveless', 'dress', 'shorts', 'sexy', 'slim']"
938,"['casual', 'dress', 'party']"
939,"['casual', 'plus size', 'dress', 'beach', 'print', 'v-neck', 'ladies', 'loose', 'vest', 'party']"
940,"['casual', 'plus size', 'shorts', 'jumpsuit']"
941,"['casual', 'plus size', 'dress', 'beach', 'v-neck', 'ladies', 'slim', 'party']"
942,"['casual', 'tank top', 'ladies', 'pants', 'jumpsuit']"
943,"['dress', 'tank top']"
944,['shirt']
945,"['sleeveless', 'shorts', 'shirt', 'cotton', 'blouse']"
946,"['casual', 'plus size', 'sleeveless', 'dress', 'shorts', 'beach', 'print', 'v-neck', 'loose']"
947,[]
948,"['casual', 'sleeveless', 'shorts', 'shirt', 'v-neck', 'sport']"
949,"['dress', 'sexy', 'beach', 'v-neck', 'party']"
950,"['casual', 'jumpsuit']"
951,"['sexy', 'v-neck', 'blouse']"
952,"['dress', 'sexy', 'beach', 'sport', 'bikini']"
953,"['sexy', 'beach', 'bikini']"
954,"['dress', 'sexy', 'beach', 'blouse', 'lace', 'bikini']"
955,"['casual', 'shorts', 'beach', 'pants', 'sport']"
956,"['sleeveless', 'shorts', 'shirt']"
957,"['casual', 'sleeveless', 'dress', 'shorts', 'sexy', 'beach', 'v-neck', 'party']"
958,"['casual', 'print', 'pants']"
959,"['print', 'v-neck', 'ladies', 'blouse', 'slim']"
960,"['sexy', 'tank top', 'ladies', 'vest', 'sport']"
961,"['casual', 'tank top', 'slim']"
962,['sport']
963,"['casual', 'loose', 'pants']"
964,"['plus size', 'dress', 'v-neck', 'lace']"
965,"['casual', 'shirt', 'tank top', 'cotton', 'blouse', 'vest']"
966,"['casual', 'plus size', 'sleeveless', 'dress', 'shorts', 'beach', 'v-neck', 'ladies', 'blouse', 'party', 'sport']"
967,"['casual', 'plus size', 'sleeveless', 'shorts', 'shirt', 'v-neck', 'ladies', 'blouse']"
968,"['casual', 'plus size', 'sleeveless', 'shorts', 'shirt', 'v-neck']"
969,"['casual', 'plus size', 'dress', 'v-neck']"
970,"['plus size', 'dress', 'shirt', 'v-neck', 'vest', 'slim']"
971,['party']
972,[]
973,"['sleeveless', 'shorts', 'print', 'shirt', 'v-neck', 'tank top', 'blouse']"
974,"['shorts', 'shirt', 'sport']"
975,"['shorts', 'pants', 'jumpsuit']"
976,"['plus size', 'dress', 'print']"
977,"['casual', 'shorts', 'pants', 'sport']"
978,"['casual', 'plus size', 'shorts', 'pants', 'lace']"
979,"['sexy', 'shirt', 'tank top', 'blouse', 'vest', 'sport']"
980,"['casual', 'plus size', 'dress', 'shirt', 'v-neck']"
981,[]
982,"['casual', 'plus size', 'sleeveless', 'shorts', 'print', 'shirt', 'cotton']"
983,"['casual', 'dress', 'beach', 'v-neck', 'loose']"
984,"['plus size', 'sexy', 'ladies', 'sport', 'bikini']"
985,"['dress', 'sexy', 'beach', 'v-neck', 'party']"
986,"['casual', 'plus size', 'shorts', 'loose', 'pants', 'lace']"
987,"['casual', 'plus size', 'dress', 'beach', 'print', 'v-neck', 'ladies', 'vest', 'party']"
988,"['dress', 'waist', 'sport', 'bikini']"
989,"['casual', 'sleeveless', 'dress', 'shorts', 'v-neck', 'cotton', 'loose']"
990,"['sport', 'bikini']"
991,"['casual', 'shorts', 'pants']"
992,"['casual', 'plus size', 'print', 'v-neck', 'tank top']"
993,"['casual', 'plus size', 'beach', 'shirt', 'tank top', 'cotton', 'vest', 'party']"
994,"['dress', 'sexy', 'beach', 'v-neck', 'lace', 'slim', 'party']"
995,"['casual', 'plus size', 'dress', 'beach', 'ladies', 'party']"
996,"['casual', 'dress', 'beach', 'v-neck']"
997,"['casual', 'plus size', 'shirt', 'v-neck', 'tank top', 'blouse']"
998,"['dress', 'beach', 'vest']"
999,"['sleeveless', 'shorts']"
1000,"['casual', 'plus size', 'dress', 'sexy', 'shirt', 'v-neck', 'tank top', 'cotton', 'ladies', 'blouse', 'vest']"
1001,"['casual', 'plus size', 'shirt', 'v-neck', 'tank top', 'blouse', 'vest']"
1002,"['casual', 'sexy', 'vest']"
1003,"['casual', 'tank top', 'ladies', 'pants', 'jumpsuit']"
1004,"['casual', 'plus size', 'shirt', 'tank top', 'cotton', 'blouse', 'vest']"
1005,"['dress', 'waist']"
1006,"['casual', 'shorts', 'waist']"
1007,"['sexy', 'print', 'waist', 'sport', 'bikini']"
1008,"['casual', 'shorts', 'pants', 'slim']"
1009,"['plus size', 'dress', 'v-neck']"
1010,"['casual', 'dress', 'sexy', 'beach', 'ladies', 'loose']"
1011,['sexy']
1012,"['casual', 'sleeveless', 'dress', 'shirt', 'v-neck', 'ladies', 'blouse']"
1013,"['casual', 'dress', 'beach', 'shirt', 'waist']"
1014,"['casual', 'shirt', 'tank top', 'blouse', 'vest', 'lace']"
1015,"['casual', 'plus size', 'dress', 'shorts', 'sexy', 'beach', 'shirt', 'v-neck', 'tank top', 'cotton', 'ladies', 'party']"
1016,"['cotton', 'waist']"
1017,"['casual', 'plus size', 'v-neck', 'vest']"
1018,"['dress', 'shorts', 'beach', 'shirt', 'ladies', 'blouse']"
1019,"['sexy', 'sport', 'bikini']"
1020,[]
1021,"['casual', 'plus size', 'dress', 'shorts', 'lace', 'waist']"
1022,"['casual', 'plus size', 'dress', 'shorts', 'sexy', 'beach', 'print', 'bikini']"
1023,"['sleeveless', 'dress', 'sexy', 'blouse', 'slim']"
1024,"['dress', 'sexy', 'print']"
1025,[]
1026,"['dress', 'sexy', 'party']"
1027,"['casual', 'plus size', 'shirt', 'tank top']"
1028,['sport']
1029,"['casual', 'dress', 'print', 'v-neck', 'party']"
1030,['shorts']
1031,"['casual', 'sleeveless', 'shorts', 'shirt', 'cotton']"
1032,['party']
1033,"['casual', 'plus size', 'shorts', 'sexy', 'pants']"
1034,"['casual', 'plus size', 'print', 'v-neck', 'tank top', 'vest']"
1035,"['dress', 'shorts', 'beach', 'print', 'party']"
1036,"['plus size', 'shorts', 'sexy', 'pants']"
1037,"['casual', 'plus size', 'shirt', 'loose', 'blouse', 'lace']"
1038,"['casual', 'plus size', 'print', 'loose', 'jumpsuit']"
1039,"['casual', 'plus size', 'dress', 'v-neck', 'ladies']"
1040,"['casual', 'print', 'shirt', 'v-neck', 'tank top', 'cotton', 'blouse', 'vest']"
1041,"['casual', 'dress', 'sexy', 'party']"
1042,"['casual', 'plus size', 'dress', 'shorts', 'print']"
1043,"['vest', 'waist']"
1044,"['casual', 'dress', 'v-neck']"
1045,"['casual', 'shirt', 'v-neck', 'tank top', 'ladies', 'blouse']"
1046,"['sexy', 'beach', 'sport', 'bikini']"
1047,"['casual', 'shorts', 'sexy', 'beach', 'pants']"
1048,"['casual', 'print', 'shirt', 'tank top', 'loose', 'blouse', 'vest']"
1049,"['sleeveless', 'shorts', 'print', 'shirt', 'v-neck']"
1050,"['casual', 'plus size', 'print', 'shirt', 'tank top', 'ladies', 'blouse', 'vest', 'sport']"
1051,"['casual', 'plus size', 'sleeveless', 'dress', 'shorts', 'print', 'ladies']"
1052,"['beach', 'sport', 'bikini']"
1053,"['shirt', 'v-neck', 'blouse']"
1054,['casual']
1055,"['casual', 'plus size', 'dress', 'v-neck', 'party']"
1056,"['casual', 'shirt', 'v-neck', 'tank top', 'vest']"
1057,"['casual', 'plus size', 'dress', 'print']"
1058,"['casual', 'plus size', 'shorts', 'pants', 'jumpsuit']"
1059,"['casual', 'plus size', 'jumpsuit']"
1060,"['casual', 'plus size', 'shirt', 'v-neck', 'tank top', 'blouse']"
1061,"['sexy', 'print', 'sport', 'bikini']"
1062,"['casual', 'pants', 'waist', 'sport']"
1063,"['casual', 'shirt', 'tank top', 'vest']"
1064,"['casual', 'plus size', 'sleeveless', 'dress', 'v-neck', 'loose']"
1065,"['dress', 'beach', 'v-neck', 'blouse', 'lace', 'sport', 'bikini']"
1066,"['casual', 'plus size', 'sleeveless', 'dress', 'shorts', 'print', 'v-neck']"
1067,"['casual', 'plus size', 'sexy', 'shirt', 'tank top', 'cotton', 'blouse']"
1068,"['pants', 'slim']"
1069,"['casual', 'plus size', 'tank top', 'ladies', 'pants', 'jumpsuit']"
1070,"['casual', 'plus size', 'dress', 'shorts', 'beach', 'shirt', 'waist']"
1071,"['casual', 'plus size', 'dress', 'v-neck', 'party']"
1072,"['casual', 'plus size', 'dress', 'beach', 'cotton', 'ladies', 'slim', 'party']"
1073,['shirt']
1074,"['casual', 'plus size', 'sexy', 'print', 'tank top', 'cotton', 'loose', 'blouse', 'lace']"
1075,"['casual', 'plus size', 'shorts', 'pants', 'lace', 'waist']"
1076,"['casual', 'dress', 'shorts', 'lace', 'party']"
1077,"['dress', 'sexy', 'print', 'v-neck', 'party']"
1078,"['plus size', 'sleeveless', 'dress', 'shorts', 'sexy']"
1079,"['casual', 'dress', 'beach', 'v-neck', 'loose']"
1080,"['plus size', 'dress', 'shorts', 'slim', 'waist']"
1081,"['casual', 'plus size', 'pants']"
1082,"['casual', 'plus size', 'print', 'ladies', 'blouse']"
1083,"['casual', 'pants']"
1084,"['casual', 'plus size']"
1085,"['casual', 'sleeveless', 'shorts', 'print', 'shirt', 'v-neck', 'ladies']"
1086,"['casual', 'plus size', 'sleeveless', 'dress', 'shorts', 'v-neck', 'cotton', 'ladies', 'party']"
1087,"['casual', 'plus size', 'dress', 'v-neck', 'ladies']"
1088,"['casual', 'plus size', 'sexy', 'shirt', 'v-neck', 'tank top', 'cotton', 'blouse']"
1089,"['sleeveless', 'dress', 'shorts', 'sexy', 'print', 'cotton', 'slim']"
1090,"['casual', 'plus size', 'print', 'v-neck', 'tank top', 'loose', 'vest']"
1091,"['casual', 'plus size', 'dress', 'v-neck', 'ladies']"
1092,"['casual', 'plus size', 'shorts', 'sexy', 'slim', 'waist']"
1093,"['casual', 'plus size', 'shorts', 'pants', 'lace', 'slim', 'waist']"
1094,"['dress', 'v-neck', 'tank top', 'vest']"
1095,"['casual', 'shorts', 'pants', 'waist']"
1096,"['dress', 'beach', 'v-neck']"
1097,"['casual', 'plus size', 'sleeveless', 'shorts', 'shirt', 'cotton', 'ladies', 'blouse', 'slim']"
1098,"['dress', 'beach', 'print']"
1099,"['casual', 'shorts', 'sexy', 'slim', 'waist']"
1100,"['casual', 'slim']"
1101,"['sleeveless', 'shorts', 'print', 'shirt']"
1102,"['sexy', 'sport', 'bikini']"
1103,"['casual', 'plus size', 'print', 'v-neck', 'loose', 'vest']"
1104,"['dress', 'ladies', 'lace', 'party']"
1105,"['plus size', 'shirt', 'v-neck', 'blouse']"
1106,['shorts']
1107,"['plus size', 'dress']"
1108,"['lace', 'sport', 'bikini']"
1109,"['plus size', 'dress', 'v-neck', 'lace']"
1110,"['plus size', 'v-neck', 'vest']"
1111,"['casual', 'plus size', 'sleeveless', 'dress', 'shorts', 'print', 'v-neck', 'loose']"
1112,['print']
1113,"['casual', 'shorts', 'slim']"
1114,"['vest', 'sport']"
1115,"['dress', 'v-neck']"
1116,"['plus size', 'dress', 'sexy', 'shirt', 'tank top', 'blouse', 'lace']"
1117,"['print', 'v-neck', 'ladies', 'blouse', 'slim']"
1118,[]
1119,"['casual', 'plus size', 'dress', 'v-neck', 'loose']"
1120,"['casual', 'dress', 'sexy', 'party']"
1121,"['sleeveless', 'shorts']"
1122,"['plus size', 'dress', 'print']"
1123,"['casual', 'plus size', 'tank top', 'vest']"
1124,"['casual', 'plus size', 'shirt', 'v-neck', 'tank top', 'cotton', 'loose', 'vest']"
1125,"['plus size', 'dress', 'v-neck']"
1126,"['plus size', 'sport', 'bikini']"
1127,"['casual', 'plus size', 'shirt', 'ladies']"
1128,"['plus size', 'print', 'shirt', 'tank top', 'blouse']"
1129,"['casual', 'plus size', 'sleeveless', 'dress', 'shorts', 'print', 'ladies', 'loose']"
1130,"['sleeveless', 'dress', 'shorts']"
1131,"['shorts', 'cotton']"
1132,"['casual', 'dress', 'sexy', 'party']"
1133,"['casual', 'plus size', 'shirt', 'cotton', 'ladies', 'loose', 'blouse']"
1134,"['plus size', 'shorts', 'lace']"
1135,"['casual', 'plus size', 'dress', 'shorts', 'print']"
1136,"['casual', 'plus size', 'print', 'shirt', 'tank top', 'ladies', 'blouse', 'vest', 'sport']"
1137,"['casual', 'plus size', 'sleeveless', 'dress', 'shorts', 'loose', 'party']"
1138,"['sleeveless', 'dress', 'shorts', 'beach', 'ladies']"
1139,"['casual', 'shirt', 'vest']"
1140,"['sexy', 'shirt', 'tank top', 'vest']"
1141,"['sexy', 'beach', 'print', 'vest']"
1142,"['plus size', 'dress', 'beach', 'v-neck', 'lace']"
1143,"['casual', 'plus size', 'sleeveless', 'v-neck', 'blouse', 'slim', 'waist']"
1144,"['dress', 'shorts', 'beach', 'v-neck', 'slim', 'jumpsuit']"
1145,"['casual', 'plus size', 'sleeveless', 'dress', 'shorts', 'beach', 'v-neck', 'ladies', 'blouse', 'party', 'sport']"
1146,"['v-neck', 'pants']"
1147,"['casual', 'sleeveless', 'dress', 'shorts', 'v-neck', 'loose']"
1148,"['plus size', 'dress', 'beach', 'v-neck', 'lace']"
1149,"['casual', 'plus size', 'shirt', 'v-neck', 'loose']"
1150,"['dress', 'sexy']"
1151,"['plus size', 'dress', 'beach', 'print', 'ladies']"
1152,"['casual', 'dress', 'beach', 'print', 'party']"
1153,"['casual', 'dress', 'print', 'cotton', 'slim', 'party']"
1154,"['casual', 'sleeveless', 'dress', 'shorts', 'sexy', 'beach', 'cotton']"
1155,"['dress', 'beach', 'slim']"
1156,"['casual', 'sleeveless', 'shorts', 'shirt']"
1157,"['casual', 'plus size', 'sleeveless', 'dress', 'shorts', 'v-neck', 'party']"
1158,"['sleeveless', 'shorts', 'sexy', 'shirt']"
1159,"['dress', 'print', 'tank top']"
1160,"['casual', 'plus size', 'shorts', 'pants', 'lace', 'waist']"
1161,"['casual', 'dress', 'sexy', 'party']"
1162,"['plus size', 'sleeveless', 'shorts', 'sexy', 'shirt', 'v-neck', 'lace']"
1163,"['casual', 'plus size', 'beach', 'print', 'shirt', 'v-neck', 'tank top', 'ladies', 'blouse']"
1164,"['casual', 'dress', 'shorts', 'beach', 'party']"
1165,"['plus size', 'sexy', 'sport', 'bikini']"
1166,"['casual', 'sleeveless', 'shorts', 'shirt', 'cotton']"
1167,"['casual', 'plus size', 'sleeveless', 'shirt', 'blouse']"
1168,"['dress', 'sexy', 'party']"
1169,"['casual', 'sleeveless', 'dress', 'shorts', 'v-neck', 'cotton', 'women dress']"
1170,"['casual', 'v-neck', 'tank top']"
1171,"['casual', 'shirt', 'v-neck', 'tank top', 'cotton', 'vest', 'slim']"
1172,"['casual', 'shorts', 'beach', 'pants', 'sport']"
1173,"['casual', 'sleeveless', 'shorts', 'sport']"
1174,"['casual', 'dress', 'sexy', 'party']"
1175,"['casual', 'shorts', 'beach', 'shirt', 'cotton', 'slim']"
1176,"['shorts', 'pants', 'sport']"
1177,"['casual', 'sleeveless', 'shorts', 'print', 'shirt', 'tank top']"
1178,"['casual', 'plus size', 'dress', 'sexy', 'beach', 'v-neck', 'party']"
1179,"['dress', 'sexy', 'beach', 'blouse', 'lace', 'bikini']"
1180,"['casual', 'dress', 'beach', 'party', 'bikini']"
1181,"['casual', 'plus size', 'shorts', 'pants', 'lace', 'slim', 'waist']"
1182,"['dress', 'sexy', 'print', 'party']"
1183,"['casual', 'sexy', 'tank top', 'vest', 'lace']"
1184,"['casual', 'shorts', 'pants', 'jumpsuit']"
1185,"['beach', 'party']"
1186,"['shirt', 'v-neck']"
1187,"['plus size', 'pants', 'waist']"
1188,"['casual', 'sexy', 'shirt', 'tank top', 'blouse', 'vest', 'lace']"
1189,"['casual', 'plus size', 'shirt', 'tank top', 'vest']"
1190,"['casual', 'dress', 'print', 'slim']"
1191,"['casual', 'plus size', 'dress', 'shirt', 'vest']"
1192,"['sleeveless', 'dress']"
1193,"['shorts', 'pants']"
1194,"['casual', 'plus size', 'dress', 'print', 'v-neck', 'slim']"
1195,"['dress', 'print', 'cotton']"
1196,"['casual', 'dress', 'v-neck']"
1197,"['casual', 'plus size', 'sleeveless', 'dress', 'shorts', 'v-neck']"
1198,"['plus size', 'sleeveless', 'shorts', 'print', 'shirt', 'cotton']"
1199,"['pants', 'slim']"
1200,"['casual', 'v-neck', 'cotton', 'loose']"
1201,"['casual', 'plus size', 'dress', 'tank top', 'loose']"
1202,"['plus size', 'sexy', 'v-neck', 'tank top', 'ladies', 'blouse', 'vest', 'lace']"
1203,"['casual', 'plus size', 'dress']"
1204,"['shorts', 'lace', 'waist']"
1205,"['casual', 'plus size', 'sleeveless', 'shorts', 'print', 'shirt', 'blouse', 'lace']"
1206,"['casual', 'shorts', 'pants']"
1207,"['casual', 'plus size', 'shorts', 'sexy', 'pants']"
1208,"['casual', 'plus size', 'shorts', 'pants', 'lace', 'waist']"
1209,"['casual', 'plus size', 'shirt', 'v-neck', 'tank top', 'loose', 'vest']"
1210,"['plus size', 'dress', 'beach']"
1211,"['casual', 'shorts', 'loose', 'pants', 'jumpsuit']"
1212,"['casual', 'shorts', 'pants', 'slim']"
1213,"['casual', 'dress', 'slim', 'party']"
1214,"['casual', 'sleeveless', 'shorts', 'v-neck', 'loose', 'jumpsuit']"
1215,"['shorts', 'cotton', 'pants']"
1216,"['casual', 'dress']"
1217,"['print', 'ladies']"
1218,"['dress', 'cotton']"
1219,['casual']
1220,"['sexy', 'shirt', 'lace', 'slim']"
1221,"['casual', 'plus size', 'shirt', 'v-neck', 'tank top', 'lace']"
1222,"['plus size', 'dress', 'sexy', 'slim']"
1223,"['casual', 'dress', 'beach', 'v-neck', 'loose']"
1224,"['casual', 'plus size', 'sleeveless', 'dress', 'shorts', 'beach', 'v-neck', 'cotton', 'party']"
1225,"['dress', 'sport', 'bikini']"
1226,"['casual', 'plus size', 'dress', 'shorts', 'beach', 'v-neck', 'tank top', 'cotton', 'ladies', 'party']"
1227,"['casual', 'dress', 'print', 'v-neck']"
1228,"['casual', 'plus size', 'dress', 'print', 'shirt', 'sport']"
1229,"['casual', 'dress', 'v-neck']"
1230,"['dress', 'print', 'v-neck', 'waist', 'party']"
1231,"['casual', 'plus size', 'dress', 'beach', 'v-neck', 'ladies', 'party']"
1232,"['plus size', 'tank top', 'blouse']"
1233,"['casual', 'plus size', 'shirt', 'blouse']"
1234,"['casual', 'sleeveless', 'shorts', 'beach']"
1235,"['casual', 'sleeveless', 'shorts', 'shirt', 'blouse', 'lace']"
1236,"['plus size', 'pants']"
1237,"['casual', 'plus size', 'sexy', 'tank top', 'loose', 'lace']"
1238,"['casual', 'shirt', 'vest', 'slim', 'sport']"
1239,"['casual', 'dress', 'sexy', 'party']"
1240,"['casual', 'plus size', 'shorts', 'pants', 'lace', 'slim', 'waist']"
1241,"['shorts', 'beach', 'sport']"
1242,"['casual', 'dress', 'print', 'slim']"
1243,"['casual', 'dress', 'print', 'v-neck']"
1244,"['beach', 'sport', 'bikini']"
1245,"['casual', 'plus size', 'sleeveless', 'dress', 'shorts', 'print', 'ladies']"
1246,"['casual', 'plus size', 'sleeveless', 'dress', 'shorts', 'print', 'v-neck']"
1247,"['casual', 'plus size', 'sleeveless', 'sexy', 'shirt', 'cotton', 'ladies', 'blouse']"
1248,"['casual', 'plus size', 'dress', 'beach', 'v-neck', 'cotton', 'ladies', 'party']"
1249,"['shorts', 'beach', 'pants', 'lace']"
1250,"['sleeveless', 'dress', 'shorts']"
1251,"['casual', 'dress', 'sexy', 'party']"
1252,"['casual', 'plus size', 'dress', 'shorts', 'beach', 'shirt', 'waist']"
1253,"['casual', 'plus size', 'sleeveless', 'shorts', 'shirt', 'cotton', 'ladies', 'blouse', 'slim']"
1254,"['sexy', 'beach', 'print', 'vest']"
1255,"['dress', 'sexy', 'lace']"
1256,"['casual', 'sleeveless', 'dress', 'shorts', 'v-neck', 'loose']"
1257,"['casual', 'plus size', 'print', 'v-neck', 'tank top', 'loose', 'vest']"
1258,"['casual', 'plus size', 'loose', 'pants', 'jumpsuit']"
1259,"['dress', 'shirt']"
1260,"['casual', 'plus size', 'dress']"
1261,"['dress', 'print', 'v-neck', 'cotton', 'pants', 'jumpsuit']"
1262,"['casual', 'plus size', 'sleeveless', 'shorts', 'shirt', 'v-neck', 'ladies', 'loose', 'blouse']"
1263,"['casual', 'shorts', 'pants', 'waist']"
1264,"['casual', 'sleeveless', 'shorts', 'shirt', 'cotton', 'blouse']"
1265,"['plus size', 'shirt', 'v-neck', 'blouse']"
1266,"['shorts', 'cotton']"
1267,"['casual', 'dress', 'print', 'v-neck']"
1268,"['plus size', 'sleeveless', 'shorts', 'print', 'shirt', 'v-neck', 'blouse']"
1269,"['plus size', 'dress', 'v-neck']"
1270,"['casual', 'print', 'cotton', 'sport']"
1271,"['casual', 'sleeveless', 'shorts', 'shirt', 'v-neck', 'cotton']"
1272,"['lace', 'sport', 'bikini']"
1273,"['casual', 'dress', 'beach', 'v-neck', 'loose']"
1274,"['plus size', 'dress', 'party']"
1275,"['casual', 'dress', 'print']"
1276,"['casual', 'plus size', 'dress', 'v-neck', 'loose']"
1277,"['casual', 'shirt', 'tank top', 'blouse', 'vest']"
1278,"['casual', 'shirt', 'vest']"
1279,"['casual', 'shorts', 'shirt', 'slim']"
1280,"['sport', 'bikini']"
1281,"['casual', 'plus size', 'sleeveless', 'shorts', 'print', 'shirt', 'v-neck', 'cotton', 'blouse']"
1282,"['casual', 'sleeveless', 'dress', 'shorts', 'slim']"
1283,"['casual', 'sleeveless', 'shorts', 'sport']"
1284,"['casual', 'sleeveless', 'shorts', 'shirt', 'sport']"
1285,"['v-neck', 'tank top', 'loose', 'vest']"
1286,"['dress', 'v-neck', 'cotton']"
1287,"['casual', 'sleeveless', 'shorts']"
1288,"['casual', 'plus size', 'sleeveless', 'dress', 'shorts', 'print', 'ladies']"
1289,"['casual', 'dress', 'beach', 'v-neck', 'loose']"
1290,"['dress', 'ladies', 'lace', 'party']"
1291,"['plus size', 'sport', 'bikini']"
1292,"['casual', 'sleeveless', 'shorts', 'shirt', 'v-neck']"
1293,"['casual', 'dress', 'print', 'v-neck', 'loose']"
1294,"['casual', 'plus size', 'sleeveless', 'shorts', 'print', 'shirt']"
1295,"['casual', 'plus size', 'sleeveless', 'shorts', 'shirt', 'v-neck', 'ladies', 'loose', 'blouse']"
1296,"['casual', 'sexy', 'tank top', 'ladies']"
1297,"['casual', 'plus size', 'sleeveless', 'shorts', 'sexy', 'shirt', 'v-neck', 'blouse']"
1298,"['casual', 'sleeveless', 'shorts', 'shirt', 'cotton']"
1299,"['dress', 'v-neck']"
1300,"['plus size', 'dress', 'beach', 'tank top']"
1301,"['dress', 'v-neck']"
1302,"['casual', 'dress', 'print', 'v-neck', 'tank top', 'slim']"
1303,"['plus size', 'sexy', 'waist', 'sport', 'bikini']"
1304,"['casual', 'shorts', 'sexy', 'waist']"
1305,"['casual', 'plus size', 'sleeveless', 'dress', 'shorts', 'beach', 'v-neck', 'cotton', 'party']"
1306,"['beach', 'sport', 'bikini']"
1307,"['shorts', 'print', 'shirt', 'cotton']"
1308,"['casual', 'plus size', 'sleeveless', 'dress', 'shorts', 'cotton']"
1309,"['plus size', 'dress', 'sexy', 'print', 'party']"
1310,"['beach', 'sport', 'bikini']"
1311,"['plus size', 'beach', 'sport', 'bikini']"
1312,"['plus size', 'sleeveless', 'shirt']"
1313,"['casual', 'plus size', 'shorts', 'print', 'shirt', 'tank top', 'cotton', 'vest']"
1314,"['casual', 'shirt', 'v-neck', 'cotton', 'slim']"
1315,"['plus size', 'dress', 'sexy', 'slim']"
1316,"['casual', 'plus size', 'loose', 'pants', 'jumpsuit']"
1317,"['casual', 'plus size', 'loose', 'pants', 'jumpsuit']"
1318,"['casual', 'plus size', 'print', 'tank top']"
1319,"['shorts', 'beach', 'sport']"
1320,"['casual', 'dress', 'beach', 'v-neck', 'loose']"
1321,"['plus size', 'dress', 'shorts', 'slim', 'waist']"
1322,"['casual', 'plus size', 'print', 'tank top']"
1323,"['casual', 'plus size', 'sleeveless', 'dress', 'shorts', 'print', 'v-neck', 'loose']"
1324,"['casual', 'plus size', 'dress', 'beach', 'v-neck', 'loose']"
1325,['shirt']
1326,"['shorts', 'beach', 'pants', 'sport']"
1327,"['sleeveless', 'shorts', 'v-neck', 'slim', 'jumpsuit']"
1328,"['casual', 'plus size', 'cotton', 'vest']"
1329,"['casual', 'plus size', 'shorts', 'print', 'pants']"
1330,[]
1331,"['casual', 'shorts', 'pants', 'slim', 'sport']"
1332,"['dress', 'beach', 'v-neck']"
1333,"['casual', 'plus size', 'dress', 'beach', 'print', 'v-neck', 'cotton', 'ladies', 'party']"
1334,['pants']
1335,"['plus size', 'sleeveless', 'shirt', 'v-neck', 'loose']"
1336,"['casual', 'plus size', 'shorts', 'beach', 'v-neck', 'jumpsuit']"
1337,"['shirt', 'v-neck']"
1338,"['casual', 'plus size', 'sleeveless', 'shorts', 'print', 'shirt']"
1339,"['beach', 'print', 'tank top', 'vest']"
1340,"['casual', 'dress', 'v-neck', 'loose']"
1341,"['waist', 'bikini']"
1342,"['beach', 'lace']"
1343,[]
1344,"['casual', 'sleeveless', 'shorts', 'print', 'shirt', 'v-neck', 'ladies']"
1345,"['casual', 'dress', 'beach', 'v-neck', 'loose']"
1346,"['casual', 'dress', 'beach', 'v-neck', 'loose']"
1347,"['casual', 'dress', 'print', 'v-neck']"
1348,"['casual', 'plus size', 'tank top', 'pants', 'jumpsuit']"
1349,"['plus size', 'dress', 'print', 'party']"
1350,"['casual', 'cotton', 'loose', 'jumpsuit']"
1351,"['casual', 'plus size', 'dress', 'beach', 'v-neck', 'cotton', 'ladies', 'party']"
1352,"['casual', 'sleeveless', 'shorts', 'sexy', 'print', 'shirt', 'cotton']"
1353,"['casual', 'print', 'shirt', 'tank top', 'blouse', 'vest']"
1354,"['sleeveless', 'dress', 'v-neck', 'lace', 'party']"
1355,"['dress', 'sexy', 'print']"
1356,"['casual', 'shorts', 'beach', 'print', 'waist']"
1357,['casual']
1358,"['casual', 'plus size', 'dress', 'sexy', 'print', 'slim']"
1359,"['shorts', 'sexy', 'shirt', 'vest']"
1360,"['sleeveless', 'dress', 'sexy', 'shirt', 'blouse', 'lace']"
1361,"['casual', 'sleeveless', 'shorts', 'shirt']"
1362,['shirt']
1363,"['dress', 'sexy', 'print']"
1364,"['casual', 'plus size', 'sleeveless', 'dress', 'shorts', 'beach', 'v-neck', 'ladies', 'blouse', 'party', 'sport']"
1365,"['casual', 'shorts', 'cotton', 'pants']"
1366,"['casual', 'plus size', 'dress', 'beach', 'print', 'v-neck', 'ladies', 'slim', 'party']"
1367,"['plus size', 'dress', 'beach', 'slim']"
1368,"['plus size', 'shorts', 'ladies', 'pants', 'waist', 'sport']"
1369,['casual']
1370,"['dress', 'lace', 'party']"
1371,[]
1372,"['casual', 'print', 'shirt', 'tank top', 'loose', 'blouse', 'vest']"
1373,"['casual', 'dress', 'beach', 'v-neck', 'loose']"
1374,"['casual', 'plus size', 'shirt', 'vest']"
1375,"['sleeveless', 'dress', 'shorts', 'ladies', 'lace', 'party']"
1376,"['casual', 'plus size', 'dress', 'beach', 'v-neck', 'cotton', 'ladies', 'slim', 'party']"
1377,"['casual', 'dress', 'lace']"
1378,"['sleeveless', 'dress', 'shorts', 'print']"
1379,"['casual', 'print', 'tank top', 'lace']"
1380,"['plus size', 'sport']"
1381,"['casual', 'plus size', 'dress', 'print', 'v-neck', 'ladies', 'vest', 'party']"
1382,"['sexy', 'sport', 'bikini']"
1383,"['cotton', 'sport']"
1384,"['casual', 'plus size', 'dress', 'sexy', 'shirt', 'v-neck', 'tank top', 'cotton', 'ladies', 'blouse']"
1385,['beach']
1386,"['dress', 'shirt']"
1387,"['casual', 'dress', 'v-neck', 'tank top', 'vest']"
1388,"['casual', 'sleeveless', 'shorts', 'shirt', 'cotton', 'blouse']"
1389,"['casual', 'plus size', 'print', 'tank top']"
1390,"['casual', 'tank top', 'cotton']"
1391,"['shorts', 'pants', 'waist', 'sport']"
1392,"['casual', 'sleeveless', 'dress', 'shorts', 'shirt', 'party']"
1393,"['casual', 'sleeveless', 'shorts', 'shirt', 'blouse']"
1394,"['casual', 'plus size', 'dress', 'shorts', 'print', 'v-neck', 'tank top', 'cotton']"
1395,"['casual', 'plus size', 'jumpsuit']"
1396,"['casual', 'print', 'tank top']"
1397,"['dress', 'v-neck', 'lace', 'party']"
1398,"['casual', 'sleeveless', 'dress', 'shorts', 'v-neck', 'ladies', 'party']"
1399,"['casual', 'plus size', 'print', 'shirt', 'tank top', 'vest', 'sport']"
1400,[]
1401,"['casual', 'dress', 'beach', 'v-neck', 'loose']"
1402,"['dress', 'sexy', 'v-neck', 'tank top']"
1403,"['casual', 'jumpsuit']"
1404,"['sleeveless', 'print', 'shirt', 'v-neck', 'blouse']"
1405,"['casual', 'plus size', 'print', 'v-neck', 'jumpsuit']"
1406,"['sport', 'bikini']"
1407,"['casual', 'sexy', 'shirt', 'tank top', 'ladies', 'slim']"
1408,"['sleeveless', 'sexy', 'print', 'shirt', 'slim']"
1409,"['dress', 'sexy']"
1410,"['casual', 'shorts', 'jumpsuit']"
1411,"['shirt', 'v-neck']"
1412,"['shorts', 'pants', 'sport']"
1413,"['casual', 'plus size', 'beach', 'shirt', 'tank top', 'cotton', 'loose', 'blouse']"
1414,"['plus size', 'dress', 'vest']"
1415,"['plus size', 'shorts', 'sexy', 'pants', 'lace', 'slim']"
1416,"['casual', 'sleeveless', 'shorts', 'shirt', 'v-neck', 'ladies']"
1417,[]
1418,"['dress', 'shirt']"
1419,"['casual', 'print', 'shirt', 'cotton']"
1420,"['plus size', 'dress', 'print', 'v-neck', 'party']"
1421,"['casual', 'dress', 'shorts', 'print', 'pants', 'waist']"
1422,"['casual', 'plus size', 'dress', 'print', 'v-neck', 'slim']"
1423,"['plus size', 'dress', 'sexy', 'slim']"
1424,['cotton']
1425,"['casual', 'plus size', 'shorts', 'beach', 'pants']"
1426,"['casual', 'sexy', 'print', 'shirt', 'cotton']"
1427,"['casual', 'plus size', 'shirt', 'v-neck', 'tank top', 'ladies', 'loose', 'blouse']"
1428,"['casual', 'plus size', 'sleeveless', 'shorts', 'sexy', 'print', 'shirt', 'cotton', 'ladies']"
1429,"['casual', 'plus size', 'sleeveless', 'dress', 'shorts', 'v-neck']"
1430,"['plus size', 'dress', 'beach', 'v-neck', 'lace']"
1431,"['casual', 'plus size', 'dress', 'sexy', 'beach', 'shirt', 'v-neck', 'tank top', 'cotton', 'ladies', 'vest', 'party']"
1432,"['casual', 'plus size', 'print', 'shirt', 'tank top']"
1433,"['casual', 'plus size', 'sleeveless', 'dress', 'shorts', 'beach', 'print', 'v-neck', 'loose']"
1434,"['casual', 'plus size', 'v-neck', 'tank top', 'cotton', 'vest']"
1435,"['sleeveless', 'shorts', 'shirt', 'v-neck', 'cotton', 'blouse']"
1436,"['casual', 'sleeveless', 'dress', 'shorts', 'beach', 'shirt', 'party']"
1437,"['casual', 'plus size', 'dress', 'v-neck']"
1438,"['casual', 'sleeveless', 'shorts', 'shirt', 'v-neck']"
1439,"['sleeveless', 'shorts', 'print', 'shirt', 'v-neck']"
1440,"['sexy', 'print', 'tank top', 'lace']"
1441,[]
1442,"['casual', 'dress', 'beach', 'v-neck', 'loose']"
1443,"['casual', 'dress', 'beach', 'v-neck', 'loose']"
1444,"['plus size', 'sleeveless', 'shirt', 'waist']"
1445,"['dress', 'sexy', 'slim']"
1446,"['sleeveless', 'dress', 'shorts', 'beach', 'ladies']"
1447,"['casual', 'plus size', 'sleeveless', 'shorts', 'shirt', 'v-neck', 'cotton', 'ladies', 'loose', 'blouse']"
1448,"['plus size', 'dress', 'beach', 'v-neck', 'lace']"
1449,"['casual', 'sexy', 'cotton']"
1450,"['casual', 'shirt', 'tank top', 'blouse', 'vest']"
1451,"['casual', 'dress', 'v-neck', 'loose']"
1452,"['casual', 'plus size', 'sleeveless', 'dress', 'shorts', 'print', 'loose']"
1453,"['dress', 'slim', 'party']"
1454,"['casual', 'dress', 'v-neck', 'loose']"
1455,"['beach', 'print', 'tank top', 'vest']"
1456,"['casual', 'plus size', 'sexy', 'shirt', 'tank top', 'lace']"
1457,"['casual', 'dress', 'beach']"
1458,"['casual', 'dress', 'v-neck', 'loose']"
1459,"['casual', 'plus size', 'dress']"
1460,"['casual', 'plus size', 'v-neck', 'jumpsuit']"
1461,"['casual', 'plus size', 'dress', 'shirt', 'vest']"
1462,"['casual', 'plus size', 'beach']"
1463,"['plus size', 'sleeveless', 'shorts', 'print', 'shirt', 'cotton']"
1464,"['casual', 'sleeveless', 'shorts', 'print', 'shirt', 'slim']"
1465,"['casual', 'pants', 'sport']"
1466,"['plus size', 'sleeveless', 'sexy', 'lace']"
1467,"['casual', 'sleeveless', 'shorts', 'shirt', 'v-neck', 'tank top', 'cotton']"
1468,"['plus size', 'shorts', 'sexy']"
1469,['bikini']
1470,"['casual', 'plus size', 'dress', 'shirt', 'loose', 'vest']"
1471,"['sleeveless', 'dress', 'shorts']"
1472,"['casual', 'sleeveless', 'shorts', 'print', 'shirt', 'tank top', 'blouse']"
1473,['sport']
1474,[]
1475,"['sexy', 'tank top', 'ladies', 'vest', 'sport']"
1476,"['casual', 'plus size', 'print', 'v-neck', 'loose', 'vest']"
1477,"['casual', 'sleeveless', 'shorts', 'shirt', 'v-neck', 'cotton']"
1478,"['sleeveless', 'dress', 'shorts', 'print']"
1479,"['casual', 'dress', 'v-neck', 'tank top', 'vest']"
1480,"['casual', 'plus size', 'dress', 'party']"
1481,"['dress', 'sexy', 'print']"
1482,"['casual', 'sleeveless', 'shorts', 'print', 'shirt', 'v-neck', 'cotton']"
1483,"['print', 'shirt']"
1484,"['dress', 'cotton', 'ladies']"
1485,"['casual', 'sleeveless', 'shorts', 'print', 'shirt']"
1486,"['shorts', 'pants', 'sport']"
1487,"['casual', 'plus size', 'print', 'shirt', 'v-neck', 'blouse']"
1488,"['plus size', 'shorts', 'pants']"
1489,"['casual', 'plus size', 'dress', 'v-neck', 'cotton', 'loose']"
1490,"['casual', 'plus size', 'print', 'v-neck', 'ladies', 'blouse']"
1491,"['casual', 'sleeveless', 'shorts', 'v-neck', 'sport']"
1492,"['plus size', 'dress', 'print', 'v-neck']"
1493,"['casual', 'plus size', 'shorts', 'pants', 'lace', 'waist']"
1494,"['casual', 'jumpsuit']"
1495,"['casual', 'plus size', 'dress', 'v-neck']"
1496,"['casual', 'plus size', 'sleeveless', 'shorts', 'shirt', 'loose']"
1497,[]
1498,"['casual', 'plus size', 'dress', 'shorts', 'sexy', 'beach', 'print', 'bikini']"
1499,"['casual', 'shorts', 'beach', 'cotton', 'pants', 'lace', 'waist']"
1500,"['casual', 'plus size', 'print', 'shirt', 'blouse', 'lace']"
1501,"['shorts', 'loose', 'pants']"
1502,"['casual', 'print', 'shirt', 'tank top', 'slim']"
1503,"['casual', 'dress', 'loose']"
1504,"['casual', 'shorts', 'sexy', 'sport']"
1505,"['plus size', 'shorts', 'waist']"
1506,"['casual', 'plus size', 'dress', 'sexy', 'shirt', 'v-neck', 'ladies', 'vest']"
1507,[]
1508,"['plus size', 'dress', 'sexy', 'beach', 'print', 'lace']"
1509,['dress']
1510,['beach']
1511,"['casual', 'dress', 'sexy', 'beach', 'v-neck', 'ladies', 'loose', 'party']"
1512,"['plus size', 'dress']"
1513,"['casual', 'dress', 'sexy', 'party']"
1514,"['casual', 'plus size', 'print', 'tank top']"
1515,"['plus size', 'sleeveless', 'shorts', 'print', 'shirt', 'v-neck', 'cotton', 'pants']"
1516,"['plus size', 'dress']"
1517,"['casual', 'plus size', 'sleeveless', 'dress', 'shorts', 'beach', 'print', 'v-neck', 'loose']"
1518,"['casual', 'plus size', 'v-neck', 'tank top', 'blouse', 'vest', 'slim']"
1519,"['casual', 'plus size', 'dress', 'print', 'ladies']"
1520,"['casual', 'plus size', 'sleeveless', 'dress', 'shorts', 'print', 'v-neck']"
1521,"['plus size', 'sleeveless', 'shorts', 'shirt']"
1522,"['casual', 'sexy', 'shirt', 'loose', 'blouse', 'vest']"
1523,"['casual', 'sleeveless', 'shorts', 'v-neck', 'ladies', 'waist', 'jumpsuit']"
1524,['sport']
1525,"['plus size', 'beach']"
1526,"['shorts', 'loose', 'pants']"
1527,"['sleeveless', 'dress', 'shorts', 'print', 'v-neck']"
1528,"['casual', 'plus size', 'print', 'v-neck', 'tank top', 'loose', 'vest']"
1529,"['plus size', 'print', 'v-neck']"
1530,"['plus size', 'dress', 'sexy', 'beach', 'v-neck', 'lace']"
1531,"['shorts', 'pants']"
1532,"['plus size', 'sexy', 'v-neck', 'lace']"
1533,"['dress', 'sexy', 'print']"
1534,"['casual', 'sexy', 'print', 'blouse']"
1535,"['casual', 'dress', 'shorts', 'sexy', 'beach', 'print', 'ladies', 'party']"
1536,"['casual', 'plus size', 'dress', 'beach', 'v-neck', 'loose']"
1537,"['casual', 'plus size', 'dress', 'beach', 'shirt', 'v-neck', 'tank top', 'party']"
1538,"['shorts', 'print', 'loose', 'lace']"
1539,"['casual', 'sleeveless', 'dress', 'shorts', 'beach']"
1540,"['dress', 'cotton', 'ladies']"
1541,"['sleeveless', 'shorts', 'sexy', 'shirt', 'pants', 'jumpsuit']"
1542,"['plus size', 'dress', 'loose']"
1543,"['casual', 'plus size', 'dress', 'print', 'ladies']"
1544,"['casual', 'plus size', 'shirt', 'cotton', 'ladies', 'loose', 'blouse']"
1545,"['casual', 'sleeveless', 'shorts', 'print', 'shirt', 'v-neck']"
1546,"['casual', 'plus size', 'print', 'v-neck', 'jumpsuit']"
1547,"['casual', 'shorts', 'loose', 'pants', 'jumpsuit']"
1548,"['casual', 'dress', 'sexy', 'beach', 'party']"
1549,"['shorts', 'sexy', 'beach', 'vest', 'jumpsuit']"
1550,"['casual', 'tank top', 'vest']"
1551,"['casual', 'plus size', 'shorts', 'loose', 'pants']"
1552,"['casual', 'shirt', 'loose', 'blouse']"
1553,"['casual', 'print', 'shirt', 'tank top', 'loose', 'blouse', 'vest']"
1554,"['plus size', 'sleeveless', 'dress', 'shorts', 'ladies']"
1555,"['casual', 'plus size', 'sleeveless', 'shorts', 'shirt', 'v-neck', 'blouse', 'lace']"
1556,"['shorts', 'beach', 'pants', 'lace']"
1557,"['casual', 'plus size', 'dress', 'sexy', 'party']"
1558,"['print', 'jumpsuit']"
1559,"['casual', 'sleeveless', 'shorts', 'shirt', 'sport']"
1560,"['shirt', 'v-neck', 'tank top']"
1561,"['casual', 'plus size', 'v-neck', 'tank top']"
1562,"['casual', 'plus size', 'shorts', 'pants', 'lace', 'waist']"
1563,"['dress', 'beach', 'party']"
1564,"['casual', 'loose', 'blouse', 'vest']"
1565,"['pants', 'slim']"
1566,"['sleeveless', 'dress', 'shorts', 'beach', 'ladies']"
1567,"['casual', 'shorts', 'sexy', 'ladies', 'slim', 'jumpsuit']"
1568,"['casual', 'plus size', 'sleeveless', 'shorts', 'print', 'shirt']"
1569,"['plus size', 'shorts', 'lace']"
1570,"['shorts', 'sport']"
1571,"['dress', 'beach', 'v-neck', 'ladies', 'lace']"
1572,"['pants', 'slim', 'sport']"
